-- MySQL dump 10.13  Distrib 5.6.17, for Win32 (x86)
--
-- Host: localhost    Database: acceso
-- ------------------------------------------------------
-- Server version	5.1.68-community

/*!40101 SET @OLD_CHARACTER_SET_CLIENT=@@CHARACTER_SET_CLIENT */;
/*!40101 SET @OLD_CHARACTER_SET_RESULTS=@@CHARACTER_SET_RESULTS */;
/*!40101 SET @OLD_COLLATION_CONNECTION=@@COLLATION_CONNECTION */;
/*!40101 SET NAMES utf8 */;
/*!40103 SET @OLD_TIME_ZONE=@@TIME_ZONE */;
/*!40103 SET TIME_ZONE='+00:00' */;
/*!40014 SET @OLD_UNIQUE_CHECKS=@@UNIQUE_CHECKS, UNIQUE_CHECKS=0 */;
/*!40014 SET @OLD_FOREIGN_KEY_CHECKS=@@FOREIGN_KEY_CHECKS, FOREIGN_KEY_CHECKS=0 */;
/*!40101 SET @OLD_SQL_MODE=@@SQL_MODE, SQL_MODE='NO_AUTO_VALUE_ON_ZERO' */;
/*!40111 SET @OLD_SQL_NOTES=@@SQL_NOTES, SQL_NOTES=0 */;

--
-- Table structure for table `centrodecostos`
--

DROP TABLE IF EXISTS `centrodecostos`;
/*!40101 SET @saved_cs_client     = @@character_set_client */;
/*!40101 SET character_set_client = utf8 */;
CREATE TABLE `centrodecostos` (
  `idCENTRODECOSTOS` bigint(20) NOT NULL AUTO_INCREMENT,
  `detalle` varchar(50) NOT NULL,
  PRIMARY KEY (`idCENTRODECOSTOS`)
) ENGINE=InnoDB AUTO_INCREMENT=8 DEFAULT CHARSET=latin1;
/*!40101 SET character_set_client = @saved_cs_client */;

--
-- Dumping data for table `centrodecostos`
--

LOCK TABLES `centrodecostos` WRITE;
/*!40000 ALTER TABLE `centrodecostos` DISABLE KEYS */;
INSERT INTO `centrodecostos` VALUES (1,'COCINA'),(2,'PASTELERIA'),(3,'SALON'),(4,'BALNEARIO'),(5,'PEDANA'),(6,'SERVICIO'),(7,'ADMINISTRACION');
/*!40000 ALTER TABLE `centrodecostos` ENABLE KEYS */;
UNLOCK TABLES;

--
-- Table structure for table `configuraciones`
--

DROP TABLE IF EXISTS `configuraciones`;
/*!40101 SET @saved_cs_client     = @@character_set_client */;
/*!40101 SET character_set_client = utf8 */;
CREATE TABLE `configuraciones` (
  `idCONFIGURACIONES` int(11) NOT NULL AUTO_INCREMENT,
  `codigo` varchar(100) NOT NULL,
  `detalle` varchar(200) NOT NULL,
  PRIMARY KEY (`idCONFIGURACIONES`)
) ENGINE=InnoDB AUTO_INCREMENT=6 DEFAULT CHARSET=latin1;
/*!40101 SET character_set_client = @saved_cs_client */;

--
-- Dumping data for table `configuraciones`
--

LOCK TABLES `configuraciones` WRITE;
/*!40000 ALTER TABLE `configuraciones` DISABLE KEYS */;
INSERT INTO `configuraciones` VALUES (1,'fotos','z:\\'),(2,'fichaje','z:\\fotos'),(3,'registros','z:\\fotos'),(4,'novedades','C:\\Users\\Public\\Documents\\'),(5,'empresa','Torreon del Monje');
/*!40000 ALTER TABLE `configuraciones` ENABLE KEYS */;
UNLOCK TABLES;

--
-- Table structure for table `empleados`
--

DROP TABLE IF EXISTS `empleados`;
/*!40101 SET @saved_cs_client     = @@character_set_client */;
/*!40101 SET character_set_client = utf8 */;
CREATE TABLE `empleados` (
  `idEMPLEADOS` int(11) NOT NULL AUTO_INCREMENT,
  `legajo` int(11) NOT NULL,
  `idtipodoc` bigint(20) NOT NULL,
  `documento` varchar(9) NOT NULL,
  `nombre` varchar(50) NOT NULL,
  `domicilio` varchar(50) NOT NULL,
  `horario` varchar(1) NOT NULL,
  `descanso` int(11) NOT NULL,
  `foto` varchar(100) NOT NULL,
  `idcentrodecostos` bigint(20) NOT NULL,
  `idtipodeempleados` bigint(20) NOT NULL,
  `horasdetrabajo` int(11) NOT NULL,
  `ingreso1` varchar(8) NOT NULL,
  `egreso1` varchar(8) NOT NULL,
  `ingreso2` varchar(8) NOT NULL,
  `egreso2` varchar(8) NOT NULL,
  `lunes` char(1) NOT NULL,
  `martes` char(1) NOT NULL,
  `miercoles` char(1) NOT NULL,
  `jueves` char(1) NOT NULL,
  `viernes` char(1) NOT NULL,
  `sabado` char(1) NOT NULL,
  `domingo` char(1) NOT NULL,
  `activo` smallint(6) NOT NULL DEFAULT '1',
  `nocturno` char(1) NOT NULL DEFAULT '0',
  PRIMARY KEY (`idEMPLEADOS`),
  UNIQUE KEY `documento_UNIQUE` (`documento`),
  KEY `fkcentro_idx` (`idcentrodecostos`),
  CONSTRAINT `fkcentro` FOREIGN KEY (`idcentrodecostos`) REFERENCES `centrodecostos` (`idCENTRODECOSTOS`) ON UPDATE CASCADE
) ENGINE=InnoDB AUTO_INCREMENT=84 DEFAULT CHARSET=latin1;
/*!40101 SET character_set_client = @saved_cs_client */;

--
-- Dumping data for table `empleados`
--

LOCK TABLES `empleados` WRITE;
/*!40000 ALTER TABLE `empleados` DISABLE KEYS */;
INSERT INTO `empleados` VALUES (3,1,6,'34851374','DISANTI FEDERICO','BELGRANO 7435','2',0,'Z:\\DISANTI FEDERICO 34851374.png',3,1,8,'08:00:00','12:00:00','16:00:00','20:00:00','1','1','1','1','1','1','1',1,'1'),(4,2,6,'29099818','CAPORALINI MARINA','ESTADO DE ISRAEL 1445','2',0,'',7,1,12,'08:00:00','14:00:00','16:00:00','00:00:00','0','0','0','0','0','0','0',1,'1'),(5,3,6,'23510807','RALLO MARCELA VERONICA','COLON 2275 9º F','2',0,'',3,1,12,'20:00:00','08:00:00','10:00:00','12:00:00','0','0','0','0','0','0','0',1,'1'),(6,4,6,'0','CAVAGLIATO AGUSTIN','','2',0,'Z:\\Valdez Vanesa Veronica 27321058 xx.png',1,1,8,'11:00:00','15:00:00','16:00:00','20:00:00','0','0','0','0','0','0','0',1,'0'),(10,5,6,'11111111','QUINTUPURAY MAXIMILIANO','','2',0,'',1,1,8,'11:00:00','15:00:00','16:00:00','20:00:00','0','0','0','0','0','0','0',1,'1'),(11,6,6,'22222222','SANCHEZ PATRICIO ','','2',0,'',1,1,8,'11:00:00','15:00:00','16:00:00','20:00:00','0','0','0','0','0','0','0',1,'1'),(12,7,6,'33333333','SANCHEZ VICTOR','','2',0,'',1,1,8,'11:00:00','15:00:00','16:00:00','20:00:00','0','0','0','0','0','0','0',1,'1'),(13,8,6,'4444444','ALDERETE GABRIEL','','2',0,'',1,1,8,'11:00:00','15:00:00','16:00:00','20:00:00','0','0','0','0','0','0','0',1,'1'),(15,9,6,'55555555','MONTEROS DAIANA','','2',0,'',1,1,8,'11:00:00','15:00:00','16:00:00','20:00:00','0','0','0','0','0','0','0',1,'1'),(16,10,6,'66666666','DIAZ OSCAR','','2',0,'',1,1,8,'11:00:00','15:00:00','16:00:00','20:00:00','0','0','0','0','0','0','0',1,'1'),(17,11,6,'6666666','DEHEZA NATALIA','','2',0,'',1,1,8,'11:00:00','15:00:00','16:00:00','20:00:00','0','0','0','0','0','0','0',1,'1'),(18,12,6,'7777777','TOLEDO YOHANA','','2',0,'',1,1,8,'11:00:00','15:00:00','16:00:00','20:00:00','0','0','0','0','0','0','0',1,'1'),(20,13,6,'8888888','MIRANDA VALERIA','','2',0,'',1,1,8,'11:00:00','15:00:00','16:00:00','20:00:00','0','0','0','0','0','0','0',1,'1'),(21,14,6,'9999999','BALLATORE MAYRA','','2',0,'',1,1,8,'11:00:00','15:00:00','16:00:00','20:00:00','0','0','0','0','0','0','0',1,'1'),(22,15,6,'100000','VALLINA PABLO','','2',0,'',1,1,8,'11:00:00','15:00:00','16:00:00','20:00:00','0','0','0','0','0','0','0',1,'1'),(23,16,6,'1100000','SANGUINETTI EMILIA','','2',0,'',1,1,8,'11:00:00','15:00:00','16:00:00','20:00:00','0','0','0','0','0','0','0',1,'1'),(24,17,6,'110000000','PIÑEIRO LOURDES','','2',0,'',1,1,8,'11:00:00','15:00:00','16:00:00','20:00:00','0','0','0','0','0','0','0',1,'1'),(25,18,6,'1200000','BENITEZ MARTIN','','2',0,'',1,1,8,'11:00:00','15:00:00','16:00:00','20:00:00','0','0','0','0','0','0','0',1,'1'),(26,19,6,'12','BARRIONUEVO FACUNDO','','2',0,'',1,1,8,'11:00:00','15:00:00','16:00:00','20:00:00','0','0','0','0','0','0','0',1,'1'),(27,20,6,'12000000','MAGDALENA PUENTE','','2',0,'',1,1,8,'11:00:00','15:00:00','16:00:00','20:00:00','0','0','0','0','0','0','0',1,'1'),(28,21,6,'1300000','BARRERA PEDRO','','2',0,'',5,1,8,'11:00:00','15:00:00','16:00:00','20:00:00','0','0','0','0','0','0','0',1,'1'),(29,22,6,'1400000','VILLEGAS DANIELA','','2',0,'',5,1,8,'11:00:00','15:00:00','16:00:00','20:00:00','0','0','0','0','0','0','0',1,'1'),(30,23,6,'14000000','PERTICARANI JIMENA','','2',0,'',5,1,8,'11:00:00','15:00:00','16:00:00','20:00:00','0','0','0','0','0','0','0',1,'1'),(31,24,6,'150000','SUAREZ MACARENA','','2',0,'',5,1,8,'11:00:00','15:00:00','16:00:00','20:00:00','0','0','0','0','0','0','0',1,'1'),(32,25,6,'1600000','PETERSON ESTEBAN','','2',0,'',5,1,8,'11:00:00','15:00:00','16:00:00','20:00:00','0','0','0','0','0','0','0',1,'1'),(33,26,6,'16000000','MORAN LARA','','2',0,'',5,1,8,'11:00:00','15:00:00','16:00:00','20:00:00','0','0','0','0','0','0','0',1,'1'),(34,27,6,'17000000','CARRIZO CHRISTIAN','','2',0,'',5,1,8,'11:00:00','15:00:00','16:00:00','20:00:00','0','0','0','0','0','0','0',1,'1'),(35,28,6,'18000000','BERNARDI MARTIN','','2',0,'',5,1,8,'11:00:00','15:00:00','16:00:00','20:00:00','0','0','0','0','0','0','0',1,'1'),(36,29,6,'19000000','ACOSTA DANTE','','2',0,'',5,1,8,'11:00:00','15:00:00','16:00:00','20:00:00','0','0','0','0','0','0','0',1,'1'),(37,30,6,'1800000','PRESTIPINO DANIELA','','2',0,'',5,1,8,'11:00:00','15:00:00','16:00:00','20:00:00','0','0','0','0','0','0','0',1,'1'),(38,31,6,'1900000','PENTREATH CAROLINE','','2',0,'',5,1,8,'11:00:00','15:00:00','16:00:00','20:00:00','0','0','0','0','0','0','0',1,'1'),(40,32,6,'20000000','BORSANI BARBARA','','2',0,'',5,1,8,'11:00:00','15:00:00','16:00:00','20:00:00','0','0','0','0','0','0','0',1,'1'),(41,33,6,'21000000','KUHN GUILLERMO','','2',0,'',3,1,8,'11:00:00','15:00:00','16:00:00','20:00:00','0','0','0','0','0','0','0',1,'1'),(43,34,6,'22000000','ANTIA MARCOS','','2',0,'',3,1,8,'11:00:00','15:00:00','16:00:00','20:00:00','0','0','0','0','0','0','0',1,'1'),(44,35,6,'23000000','VIVIER MARTIN','','2',0,'',3,1,8,'11:00:00','15:00:00','16:00:00','20:00:00','0','0','0','0','0','0','0',1,'1'),(45,36,6,'35866853','GARCIA JESSICA','CATAMARCA 1453','2',0,'',3,1,8,'11:00:00','15:00:00','16:00:00','20:00:00','0','0','0','0','0','0','0',1,'1'),(46,37,6,'25000000','NUCERA MATIAS','','2',0,'',3,1,8,'11:00:00','15:00:00','16:00:00','20:00:00','0','0','0','0','0','0','0',1,'1'),(47,38,6,'29909418','KUHLWEIN MARIO','AZOPARDO 3150','2',0,'',3,1,8,'11:00:00','15:00:00','16:00:00','20:00:00','0','0','0','0','0','0','0',1,'1'),(48,39,6,'24000000','ALVARENGA JONATHAN','','2',0,'',3,1,8,'11:00:00','15:00:00','16:00:00','20:00:00','0','0','0','0','0','0','0',1,'1'),(50,40,6,'26000000','BANDI LAUTARO','','2',0,'',3,1,8,'11:00:00','15:00:00','16:00:00','20:00:00','0','0','0','0','0','0','0',1,'1'),(51,41,6,'27000000','BURGOS LAURA','','2',0,'',3,1,8,'11:00:00','15:00:00','16:00:00','20:00:00','0','0','0','0','0','0','0',1,'1'),(52,42,6,'280000000','MALDONADO VICTORIA','','2',0,'',3,1,8,'11:00:00','15:00:00','21:00:00','02:00:00','0','0','0','0','0','0','0',1,'1'),(53,43,6,'2900000','ORREGO ALEJANDRO','','2',0,'',3,1,8,'11:00:00','15:00:00','16:00:00','20:00:00','0','0','0','0','0','0','0',1,'1'),(54,44,6,'30000000','CARRICA GISELA','','2',0,'',3,1,8,'11:00:00','15:00:00','16:00:00','20:00:00','0','0','0','0','0','0','0',1,'1'),(55,45,6,'3100000','MENEGAZZO VALENTIN','','2',0,'',3,1,8,'11:00:00','15:00:00','16:00:00','20:00:00','0','0','0','0','0','0','0',1,'1'),(56,46,6,'32000000','FERNANDEZ CINTIA','','2',0,'',3,1,8,'11:00:00','15:00:00','16:00:00','20:00:00','0','0','0','0','0','0','0',1,'1'),(57,47,6,'35000000','RE MELINA','','2',0,'',1,1,8,'11:00:00','15:00:00','16:00:00','20:00:00','0','0','0','0','0','0','0',1,'1'),(58,48,6,'350000000','HASSE CONSTANZA','','2',0,'',3,1,8,'11:00:00','15:00:00','15:00:00','20:00:00','0','0','0','0','0','0','0',1,'1'),(59,49,6,'36383309','ALZU GONZALO','ROSALES 3453','2',0,'',3,1,8,'11:00:00','15:00:00','16:00:00','20:00:00','0','0','0','0','0','0','0',1,'1'),(60,50,6,'27261421','CORDOBA STELLA','KENEDY 5735','2',0,'Z:\\CORDOBA STELLA 3600000.png',3,1,8,'11:00:00','15:00:00','16:00:00','20:00:00','0','0','0','0','0','0','0',1,'1'),(61,51,6,'370000','GUEVARA ROBERTO','','2',0,'',3,1,8,'11:00:00','15:00:00','16:00:00','20:00:00','0','0','0','0','0','0','0',1,'1'),(62,52,6,'38000000','MANFREDI ROCIO','','2',0,'',3,1,8,'11:00:00','15:00:00','16:00:00','20:00:00','0','0','0','0','0','0','1',1,'1'),(63,53,6,'3900000','NUÑEZ FEDERICO','','2',0,'',3,1,8,'11:00:00','15:00:00','16:00:00','20:00:00','0','0','0','0','0','0','0',1,'1'),(64,54,6,'40000000','RIVERO ELIZABETH','','2',0,'',3,1,8,'11:00:00','15:00:00','16:00:00','20:00:00','0','0','0','0','0','0','0',1,'1'),(65,55,6,'16015842','OLGUIN OSCAR','CORRIENTES ','2',0,'',6,1,8,'11:00:00','15:00:00','16:00:00','20:00:00','0','0','0','0','0','0','0',1,'1'),(66,56,6,'41000000','ZAYAS RUBEN','','2',0,'',6,1,8,'11:01:00','15:00:00','16:00:00','20:00:00','0','0','0','0','0','0','0',1,'1'),(67,57,6,'42000000','FABRO DANIEL','','2',0,'',6,1,8,'11:00:00','15:00:00','16:00:00','20:00:00','0','0','0','0','0','0','0',1,'1'),(68,58,6,'4300000','PORTA EVANGELINA','','2',0,'',6,1,8,'11:00:00','15:00:00','16:00:00','20:00:00','0','0','0','0','0','0','0',1,'1'),(69,59,6,'4400000','OUTEDA ANGEL','','2',0,'',6,1,8,'11:00:00','15:00:00','16:00:00','20:00:00','0','0','0','0','0','0','0',1,'1'),(70,60,6,'440000','DIGIUNI NADIA','','2',0,'',3,1,8,'11:00:00','15:00:00','16:00:00','20:00:00','0','0','0','0','0','0','0',1,'1'),(71,61,6,'4500000','PITTORINO MONICA','','2',0,'',6,1,8,'11:00:00','15:00:00','16:00:00','20:00:00','0','0','0','0','0','0','0',1,'1'),(72,62,6,'50000000','DIAZ NICOLAS','','2',0,'',1,1,8,'11:00:00','15:00:00','16:00:00','20:00:00','0','0','0','0','0','0','0',1,'1'),(73,63,6,'5111111','MASMUT CESAR','','2',0,'',4,1,8,'11:00:00','15:00:00','16:00:00','20:00:00','0','0','0','0','0','0','0',1,'1'),(74,64,6,'52222222','MASMUT IVAN','','2',0,'',4,1,8,'11:00:00','15:00:00','16:00:00','20:00:00','0','0','0','0','0','0','0',1,'1'),(75,65,6,'533333','CIRESE CARLOS','','2',0,'',4,1,8,'11:00:00','15:00:00','16:00:00','20:00:00','0','0','0','0','0','0','0',1,'1'),(76,66,6,'54444444','ROIG SILVIA','','2',0,'',4,1,8,'11:00:00','15:00:00','16:00:00','20:00:00','0','0','0','0','0','0','0',1,'1'),(77,67,6,'5555555','ORDOÑEZ LEANDRO','','2',0,'',4,1,8,'11:00:00','15:00:00','16:00:00','20:00:00','0','0','0','0','0','0','0',1,'1'),(78,68,6,'566666','SCARSO BRUNO','','2',0,'',4,1,8,'11:00:00','15:00:00','16:00:00','20:00:00','0','0','0','0','0','0','0',1,'1'),(79,69,6,'577777777','DA SILVA LUCIANO','','2',0,'',4,1,8,'11:00:00','15:00:00','16:00:00','20:00:00','0','0','0','0','0','0','0',1,'1'),(80,70,6,'588888','CRUZ JUAN IGNACIO','','2',0,'',4,1,8,'11:00:00','15:00:00','16:00:00','20:00:00','0','0','0','0','0','0','0',1,'1'),(81,71,6,'5999999','DEL REY MANUEL','','2',0,'',4,1,8,'11:00:00','15:00:00','16:00:00','20:00:00','0','0','0','0','0','0','0',1,'1'),(82,72,6,'6000000','FERNANDEZ DE LA PUENTE MARTIN','','2',0,'',4,1,8,'11:00:00','15:00:00','16:00:00','20:00:00','0','0','0','0','0','0','0',1,'1'),(83,73,6,'611111','LULL JUAN','','2',0,'',4,1,8,'11:00:00','15:00:00','16:00:00','20:00:00','0','0','0','0','0','0','0',1,'1');
/*!40000 ALTER TABLE `empleados` ENABLE KEYS */;
UNLOCK TABLES;

--
-- Table structure for table `fechas`
--

DROP TABLE IF EXISTS `fechas`;
/*!40101 SET @saved_cs_client     = @@character_set_client */;
/*!40101 SET character_set_client = utf8 */;
CREATE TABLE `fechas` (
  `idempleados` varchar(1) CHARACTER SET utf8 NOT NULL DEFAULT '',
  `dt_val` datetime DEFAULT NULL
) ENGINE=InnoDB DEFAULT CHARSET=latin1;
/*!40101 SET character_set_client = @saved_cs_client */;

--
-- Dumping data for table `fechas`
--

LOCK TABLES `fechas` WRITE;
/*!40000 ALTER TABLE `fechas` DISABLE KEYS */;
INSERT INTO `fechas` VALUES ('0','2015-02-01 00:00:00'),('0','2015-02-02 00:00:00'),('0','2015-02-03 00:00:00'),('0','2015-02-04 00:00:00'),('0','2015-02-05 00:00:00'),('0','2015-02-06 00:00:00'),('0','2015-02-07 00:00:00');
/*!40000 ALTER TABLE `fechas` ENABLE KEYS */;
UNLOCK TABLES;

--
-- Table structure for table `feriados`
--

DROP TABLE IF EXISTS `feriados`;
/*!40101 SET @saved_cs_client     = @@character_set_client */;
/*!40101 SET character_set_client = utf8 */;
CREATE TABLE `feriados` (
  `idFERIADOS` int(11) NOT NULL AUTO_INCREMENT,
  `fecha` datetime NOT NULL,
  `detalle` varchar(100) NOT NULL,
  PRIMARY KEY (`idFERIADOS`),
  UNIQUE KEY `fecha_UNIQUE` (`fecha`)
) ENGINE=InnoDB DEFAULT CHARSET=latin1;
/*!40101 SET character_set_client = @saved_cs_client */;

--
-- Dumping data for table `feriados`
--

LOCK TABLES `feriados` WRITE;
/*!40000 ALTER TABLE `feriados` DISABLE KEYS */;
/*!40000 ALTER TABLE `feriados` ENABLE KEYS */;
UNLOCK TABLES;

--
-- Table structure for table `horarios`
--

DROP TABLE IF EXISTS `horarios`;
/*!40101 SET @saved_cs_client     = @@character_set_client */;
/*!40101 SET character_set_client = utf8 */;
CREATE TABLE `horarios` (
  `idhorarios` int(11) NOT NULL AUTO_INCREMENT,
  `detalle` varchar(60) NOT NULL,
  `horario` varchar(1) NOT NULL,
  `descanso` varchar(5) NOT NULL,
  `horasdetrabajo` varchar(5) NOT NULL,
  `nocturno` varchar(1) NOT NULL,
  `ingreso1` varchar(8) NOT NULL,
  `egreso1` varchar(8) NOT NULL,
  `ingreso2` varchar(8) NOT NULL,
  `egreso2` varchar(8) NOT NULL,
  `lunes` varchar(1) NOT NULL,
  `martes` varchar(1) NOT NULL,
  `miercoles` varchar(1) NOT NULL,
  `jueves` varchar(1) NOT NULL,
  `viernes` varchar(1) NOT NULL,
  `sabado` varchar(1) NOT NULL,
  `domingo` varchar(1) NOT NULL,
  PRIMARY KEY (`idhorarios`)
) ENGINE=InnoDB AUTO_INCREMENT=4 DEFAULT CHARSET=latin1 COMMENT='		';
/*!40101 SET character_set_client = @saved_cs_client */;

--
-- Dumping data for table `horarios`
--

LOCK TABLES `horarios` WRITE;
/*!40000 ALTER TABLE `horarios` DISABLE KEYS */;
INSERT INTO `horarios` VALUES (1,'xxxxxxxx','0','8','8','0','08:00','13:00','16:00','20:00','1','1','1','1','1','0','0'),(2,'Ezequiel','1','00:45','09:00','0','08:00','17:00','13:00','13:45','1','0','1','0','1','0','1'),(3,'Ezequiel 1','0','00:00','09:00','0','08:00','12:30','14:30','19:00','1','1','1','1','1','1','0');
/*!40000 ALTER TABLE `horarios` ENABLE KEYS */;
UNLOCK TABLES;

--
-- Table structure for table `horariosempleados`
--

DROP TABLE IF EXISTS `horariosempleados`;
/*!40101 SET @saved_cs_client     = @@character_set_client */;
/*!40101 SET character_set_client = utf8 */;
CREATE TABLE `horariosempleados` (
  `idhorariosempleados` int(11) NOT NULL AUTO_INCREMENT,
  `idhorarios` int(11) NOT NULL,
  `idempleados` int(11) NOT NULL,
  `desde` datetime NOT NULL,
  `hasta` datetime DEFAULT NULL,
  `semana` varchar(1) NOT NULL,
  PRIMARY KEY (`idhorariosempleados`)
) ENGINE=InnoDB DEFAULT CHARSET=latin1;
/*!40101 SET character_set_client = @saved_cs_client */;

--
-- Dumping data for table `horariosempleados`
--

LOCK TABLES `horariosempleados` WRITE;
/*!40000 ALTER TABLE `horariosempleados` DISABLE KEYS */;
/*!40000 ALTER TABLE `horariosempleados` ENABLE KEYS */;
UNLOCK TABLES;

--
-- Table structure for table `novedades`
--

DROP TABLE IF EXISTS `novedades`;
/*!40101 SET @saved_cs_client     = @@character_set_client */;
/*!40101 SET character_set_client = utf8 */;
CREATE TABLE `novedades` (
  `idNOVEDADES` bigint(20) NOT NULL AUTO_INCREMENT,
  `idempleados` bigint(20) NOT NULL,
  `desde` datetime NOT NULL,
  `hasta` datetime NOT NULL,
  `idtiposdenovedades` bigint(20) NOT NULL,
  `detalle` varchar(50) NOT NULL,
  PRIMARY KEY (`idNOVEDADES`)
) ENGINE=InnoDB DEFAULT CHARSET=latin1;
/*!40101 SET character_set_client = @saved_cs_client */;

--
-- Dumping data for table `novedades`
--

LOCK TABLES `novedades` WRITE;
/*!40000 ALTER TABLE `novedades` DISABLE KEYS */;
/*!40000 ALTER TABLE `novedades` ENABLE KEYS */;
UNLOCK TABLES;

--
-- Table structure for table `registros`
--

DROP TABLE IF EXISTS `registros`;
/*!40101 SET @saved_cs_client     = @@character_set_client */;
/*!40101 SET character_set_client = utf8 */;
CREATE TABLE `registros` (
  `idREGISTROS` int(11) NOT NULL AUTO_INCREMENT,
  `idempleados` bigint(20) NOT NULL,
  `registro` datetime NOT NULL,
  `foto` varchar(250) DEFAULT NULL,
  `fechareal` datetime NOT NULL,
  `manual` int(11) NOT NULL DEFAULT '0',
  PRIMARY KEY (`idREGISTROS`)
) ENGINE=InnoDB AUTO_INCREMENT=686 DEFAULT CHARSET=latin1;
/*!40101 SET character_set_client = @saved_cs_client */;

--
-- Dumping data for table `registros`
--

LOCK TABLES `registros` WRITE;
/*!40000 ALTER TABLE `registros` DISABLE KEYS */;
INSERT INTO `registros` VALUES (1,1,'2015-01-16 08:00:00',NULL,'2015-01-16 08:00:00',1),(2,3,'2015-01-25 18:10:57','z:\\fotos34851374 25-01-2015 18-10-57.jpg','2015-01-24 18:10:57',0),(3,3,'2015-01-25 21:28:29','z:\\fotos34851374 25-01-2015 21-28-29.jpg','2015-01-24 21:28:29',0),(4,3,'2015-01-26 12:38:52','Error genérico en GDI+.','2015-01-25 12:38:52',0),(5,3,'2015-01-27 13:02:35','Error genérico en GDI+.','2015-01-26 13:02:35',0),(6,3,'2015-01-29 00:22:37','z:\\fotos34851374 29-01-2015 00-22-37.jpg','2015-01-28 00:22:37',0),(7,26,'2015-01-29 00:23:26','z:\\fotos12 29-01-2015 00-23-26.jpg','2015-01-28 00:23:26',0),(8,51,'2015-01-29 00:24:18','z:\\fotos27000000 29-01-2015 00-24-18.jpg','2015-01-28 00:24:18',0),(9,16,'2015-01-29 00:24:45','z:\\fotos66666666 29-01-2015 00-24-45.jpg','2015-01-28 00:24:45',0),(10,21,'2015-01-29 00:25:11','z:\\fotos9999999 29-01-2015 00-25-11.jpg','2015-01-28 00:25:11',0),(11,3,'2015-01-29 00:49:39','z:\\fotos34851374 29-01-2015 00-49-39.jpg','2015-01-28 00:49:39',0),(12,26,'2015-01-29 01:01:40','Error genérico en GDI+.','2015-01-28 01:01:40',0),(13,21,'2015-01-29 01:03:15','Error genérico en GDI+.','2015-01-28 01:03:15',0),(14,6,'2015-01-30 03:02:47','z:\\fotos0 30-01-2015 03-02-47.jpg','2015-01-30 03:02:47',0),(15,46,'2015-01-30 04:01:21','z:\\fotos25000000 30-01-2015 04-01-21.jpg','2015-01-29 04:01:21',0),(16,34,'2015-01-31 22:26:17','z:\\fotos17000000 31-01-2015 22-26-17.jpg','2015-01-30 22:26:17',0),(17,33,'2015-02-01 01:11:11','z:\\fotos16000000 01-02-2015 01-11-11.jpg','2015-01-31 01:11:11',0),(18,6,'2015-02-01 01:11:27','z:\\fotos0 01-02-2015 01-11-27.jpg','2015-01-31 01:11:27',0),(19,16,'2015-02-01 02:58:05','z:\\fotos66666666 01-02-2015 02-58-05.jpg','2015-01-31 02:58:05',0),(20,46,'2015-02-01 03:54:04','z:\\fotos25000000 01-02-2015 03-54-04.jpg','2015-01-31 03:54:04',0),(21,71,'2015-02-01 04:58:56','z:\\fotos4500000 01-02-2015 04-58-56.jpg','2015-01-31 04:58:56',0),(22,27,'2015-02-01 06:03:54','z:\\fotos12000000 01-02-2015 06-03-54.jpg','2015-01-31 06:03:54',0),(23,17,'2015-02-01 06:18:09','z:\\fotos6666666 01-02-2015 06-18-09.jpg','2015-01-31 06:18:09',0),(24,67,'2015-02-01 07:47:46','z:\\fotos42000000 01-02-2015 07-47-46.jpg','2015-01-31 07:47:46',0),(25,41,'2015-02-01 07:49:01','z:\\fotos21000000 01-02-2015 07-49-01.jpg','2015-01-31 07:49:01',0),(26,60,'2015-02-01 07:56:05','z:\\fotos27261421 01-02-2015 07-56-05.jpg','2015-01-31 07:56:05',0),(27,21,'2015-02-01 07:56:32','z:\\fotos9999999 01-02-2015 07-56-32.jpg','2015-01-31 07:56:32',0),(28,70,'2015-02-01 08:01:07','z:\\fotos440000 01-02-2015 08-01-07.jpg','2015-01-31 08:01:07',0),(29,45,'2015-02-01 08:01:38','z:\\fotos35866853 01-02-2015 08-01-38.jpg','2015-01-31 08:01:38',0),(30,28,'2015-02-01 08:14:43','z:\\fotos1300000 01-02-2015 08-14-43.jpg','2015-01-31 08:14:43',0),(31,75,'2015-02-01 08:22:27','z:\\fotos533333 01-02-2015 08-22-27.jpg','2015-01-31 08:22:27',0),(32,35,'2015-02-01 08:50:46','z:\\fotos18000000 01-02-2015 08-50-46.jpg','2015-01-31 08:50:46',0),(33,4,'2015-02-01 09:01:20','z:\\fotos29099818 01-02-2015 09-01-20.jpg','2015-02-01 09:01:20',0),(34,18,'2015-02-01 09:01:47','z:\\fotos7777777 01-02-2015 09-01-47.jpg','2015-01-31 09:01:47',0),(35,22,'2015-02-01 09:02:03','z:\\fotos100000 01-02-2015 09-02-03.jpg','2015-01-31 09:02:03',0),(36,26,'2015-02-01 09:22:23','z:\\fotos12 01-02-2015 09-22-23.jpg','2015-01-31 09:22:23',0),(37,34,'2015-02-01 09:32:45','z:\\fotos17000000 01-02-2015 09-32-45.jpg','2015-01-31 09:32:45',0),(38,56,'2015-02-01 09:56:12','z:\\fotos32000000 01-02-2015 09-56-12.jpg','2015-01-31 09:56:12',0),(39,58,'2015-02-01 09:57:49','z:\\fotos350000000 01-02-2015 09-57-49.jpg','2015-01-31 09:57:49',0),(40,33,'2015-02-01 09:59:48','z:\\fotos16000000 01-02-2015 09-59-48.jpg','2015-01-31 09:59:48',0),(41,24,'2015-02-01 10:00:41','z:\\fotos110000000 01-02-2015 10-00-41.jpg','2015-01-31 10:00:41',0),(42,43,'2015-02-01 10:11:40','z:\\fotos22000000 01-02-2015 10-11-40.jpg','2015-01-31 10:11:40',0),(43,25,'2015-02-01 10:14:20','z:\\fotos1200000 01-02-2015 10-14-20.jpg','2015-01-31 10:14:20',0),(44,3,'2015-02-01 10:58:12','z:\\fotos34851374 01-02-2015 10-58-12.jpg','2015-01-31 10:58:12',0),(45,40,'2015-02-01 11:06:47','z:\\fotos20000000 01-02-2015 11-06-47.jpg','2015-01-31 11:06:47',0),(46,38,'2015-02-01 12:03:51','z:\\fotos1900000 01-02-2015 12-03-51.jpg','2015-01-31 12:03:51',0),(47,27,'2015-02-01 12:31:57','z:\\fotos12000000 01-02-2015 12-31-57.jpg','2015-01-31 12:31:57',0),(48,17,'2015-02-01 13:03:03','z:\\fotos6666666 01-02-2015 13-03-03.jpg','2015-01-31 13:03:03',0),(49,71,'2015-02-01 15:02:32','z:\\fotos4500000 01-02-2015 15-02-32.jpg','2015-01-31 15:02:32',0),(50,70,'2015-02-01 15:28:05','z:\\fotos440000 01-02-2015 15-28-05.jpg','2015-01-31 15:28:05',0),(51,50,'2015-02-01 15:55:26','z:\\fotos26000000 01-02-2015 15-55-26.jpg','2015-01-31 15:55:26',0),(52,54,'2015-02-01 15:57:21','z:\\fotos30000000 01-02-2015 15-57-21.jpg','2015-01-31 15:57:21',0),(53,45,'2015-02-01 16:02:48','z:\\fotos35866853 01-02-2015 16-02-48.jpg','2015-01-31 16:02:48',0),(54,60,'2015-02-01 16:03:10','z:\\fotos27261421 01-02-2015 16-03-10.jpg','2015-01-31 16:03:10',0),(55,16,'2015-02-01 16:59:07','z:\\fotos66666666 01-02-2015 16-59-07.jpg','2015-01-31 16:59:07',0),(56,52,'2015-02-01 16:59:52','z:\\fotos280000000 01-02-2015 16-59-52.jpg','2015-01-31 16:59:52',0),(57,23,'2015-02-01 17:10:34','z:\\fotos1100000 01-02-2015 17-10-34.jpg','2015-01-31 17:10:34',0),(58,46,'2015-02-01 17:13:54','z:\\fotos25000000 01-02-2015 17-13-54.jpg','2015-01-31 17:13:54',0),(59,25,'2015-02-01 17:14:29','z:\\fotos1200000 01-02-2015 17-14-29.jpg','2015-01-31 17:14:29',0),(60,20,'2015-02-01 17:16:44','z:\\fotos8888888 01-02-2015 17-16-44.jpg','2015-01-31 17:16:44',0),(61,80,'2015-02-01 17:51:20','z:\\fotos588888 01-02-2015 17-51-20.jpg','2015-01-31 17:51:20',0),(62,21,'2015-02-01 17:53:33','z:\\fotos9999999 01-02-2015 17-53-33.jpg','2015-01-31 17:53:33',0),(63,75,'2015-02-01 18:00:58','z:\\fotos533333 01-02-2015 18-00-58.jpg','2015-01-31 18:00:58',0),(64,22,'2015-02-01 18:04:30','z:\\fotos100000 01-02-2015 18-04-30.jpg','2015-01-31 18:04:30',0),(65,18,'2015-02-01 18:04:45','z:\\fotos7777777 01-02-2015 18-04-45.jpg','2015-01-31 18:04:45',0),(66,56,'2015-02-01 18:05:17','z:\\fotos32000000 01-02-2015 18-05-17.jpg','2015-01-31 18:05:17',0),(67,26,'2015-02-01 18:05:37','z:\\fotos12 01-02-2015 18-05-37.jpg','2015-01-31 18:05:37',0),(68,33,'2015-02-01 18:05:53','z:\\fotos16000000 01-02-2015 18-05-53.jpg','2015-01-31 18:05:53',0),(69,58,'2015-02-01 18:16:43','z:\\fotos350000000 01-02-2015 18-16-43.jpg','2015-01-31 18:16:43',0),(70,3,'2015-02-01 18:54:01','z:\\fotos34851374 01-02-2015 18-54-01.jpg','2015-01-31 18:54:01',0),(71,40,'2015-02-01 18:56:43','z:\\fotos20000000 01-02-2015 18-56-43.jpg','2015-01-31 18:56:43',0),(72,43,'2015-02-01 19:01:30','z:\\fotos22000000 01-02-2015 19-01-30.jpg','2015-01-31 19:01:30',0),(73,28,'2015-02-01 19:06:46','z:\\fotos1300000 01-02-2015 19-06-46.jpg','2015-01-31 19:06:46',0),(74,35,'2015-02-01 19:33:29','z:\\fotos18000000 01-02-2015 19-33-29.jpg','2015-01-31 19:33:29',0),(75,34,'2015-02-01 19:41:47','z:\\fotos17000000 01-02-2015 19-41-47.jpg','2015-01-31 19:41:47',0),(76,23,'2015-02-01 19:47:55','z:\\fotos1100000 01-02-2015 19-47-55.jpg','2015-01-31 19:47:55',0),(77,67,'2015-02-01 20:06:50','z:\\fotos42000000 01-02-2015 20-06-50.jpg','2015-01-31 20:06:50',0),(78,55,'2015-02-01 20:11:59','z:\\fotos3100000 01-02-2015 20-11-59.jpg','2015-01-31 20:11:59',0),(79,41,'2015-02-01 20:27:48','z:\\fotos21000000 01-02-2015 20-27-48.jpg','2015-01-31 20:27:48',0),(80,47,'2015-02-01 20:54:06','z:\\fotos29909418 01-02-2015 20-54-06.jpg','2015-01-31 20:54:06',0),(81,59,'2015-02-01 21:53:48','z:\\fotos36383309 01-02-2015 21-53-48.jpg','2015-01-31 21:53:48',0),(82,4,'2015-02-01 22:01:08','z:\\fotos29099818 01-02-2015 22-01-08.jpg','2015-02-01 22:01:08',0),(83,6,'2015-02-01 22:40:56','z:\\fotos0 01-02-2015 22-40-56.jpg','2015-02-01 22:40:56',0),(84,54,'2015-02-02 00:07:05','z:\\fotos30000000 02-02-2015 00-07-05.jpg','2015-02-01 00:07:05',0),(85,52,'2015-02-02 01:36:12','z:\\fotos280000000 02-02-2015 01-36-12.jpg','2015-02-01 01:36:12',0),(86,46,'2015-02-02 01:57:15','z:\\fotos25000000 02-02-2015 01-57-15.jpg','2015-02-01 01:57:15',0),(87,50,'2015-02-02 01:57:42','z:\\fotos26000000 02-02-2015 01-57-42.jpg','2015-02-01 01:57:42',0),(88,16,'2015-02-02 02:15:29','z:\\fotos66666666 02-02-2015 02-15-29.jpg','2015-02-01 02:15:29',0),(89,20,'2015-02-02 02:16:34','z:\\fotos8888888 02-02-2015 02-16-34.jpg','2015-02-01 02:16:34',0),(90,71,'2015-02-02 04:55:02','z:\\fotos4500000 02-02-2015 04-55-02.jpg','2015-02-01 04:55:02',0),(91,17,'2015-02-02 05:50:09','z:\\fotos6666666 02-02-2015 05-50-09.jpg','2015-02-01 05:50:09',0),(92,25,'2015-02-02 07:12:58','z:\\fotos1200000 02-02-2015 07-12-58.jpg','2015-02-01 07:12:58',0),(93,41,'2015-02-02 07:45:03','z:\\fotos21000000 02-02-2015 07-45-03.jpg','2015-02-01 07:45:03',0),(94,79,'2015-02-02 07:46:18','z:\\fotos577777777 02-02-2015 07-46-18.jpg','2015-02-01 07:46:18',0),(95,75,'2015-02-02 07:48:09','z:\\fotos533333 02-02-2015 07-48-09.jpg','2015-02-01 07:48:09',0),(96,60,'2015-02-02 07:49:59','z:\\fotos27261421 02-02-2015 07-49-59.jpg','2015-02-01 07:49:59',0),(97,67,'2015-02-02 07:50:26','z:\\fotos42000000 02-02-2015 07-50-26.jpg','2015-02-01 07:50:26',0),(98,21,'2015-02-02 07:53:21','z:\\fotos9999999 02-02-2015 07-53-21.jpg','2015-02-01 07:53:21',0),(99,47,'2015-02-02 08:01:50','z:\\fotos29909418 02-02-2015 08-01-50.jpg','2015-02-01 08:01:50',0),(100,45,'2015-02-02 08:05:57','z:\\fotos35866853 02-02-2015 08-05-57.jpg','2015-02-01 08:05:57',0),(101,59,'2015-02-02 08:14:10','z:\\fotos36383309 02-02-2015 08-14-10.jpg','2015-02-01 08:14:10',0),(102,34,'2015-02-02 08:35:53','z:\\fotos17000000 02-02-2015 08-35-53.jpg','2015-02-01 08:35:53',0),(103,33,'2015-02-02 08:43:24','z:\\fotos16000000 02-02-2015 08-43-24.jpg','2015-02-01 08:43:24',0),(104,35,'2015-02-02 08:54:02','z:\\fotos18000000 02-02-2015 08-54-02.jpg','2015-02-01 08:54:02',0),(105,18,'2015-02-02 08:59:34','z:\\fotos7777777 02-02-2015 08-59-34.jpg','2015-02-01 08:59:34',0),(106,22,'2015-02-02 08:59:49','z:\\fotos100000 02-02-2015 08-59-49.jpg','2015-02-01 08:59:49',0),(107,4,'2015-02-02 09:04:56','z:\\fotos29099818 02-02-2015 09-04-56.jpg','2015-02-02 09:04:56',0),(108,26,'2015-02-02 09:41:45','z:\\fotos12 02-02-2015 09-41-45.jpg','2015-02-01 09:41:45',0),(109,56,'2015-02-02 09:57:42','z:\\fotos32000000 02-02-2015 09-57-42.jpg','2015-02-01 09:57:42',0),(110,43,'2015-02-02 10:00:57','z:\\fotos22000000 02-02-2015 10-00-57.jpg','2015-02-01 10:00:57',0),(111,40,'2015-02-02 10:03:44','z:\\fotos20000000 02-02-2015 10-03-44.jpg','2015-02-01 10:03:44',0),(112,58,'2015-02-02 10:05:07','z:\\fotos350000000 02-02-2015 10-05-07.jpg','2015-02-01 10:05:07',0),(113,80,'2015-02-02 10:18:11','z:\\fotos588888 02-02-2015 10-18-11.jpg','2015-02-01 10:18:11',0),(114,3,'2015-02-02 10:52:21','z:\\fotos34851374 02-02-2015 10-52-21.jpg','2015-02-01 10:52:21',0),(115,45,'2015-02-02 13:06:41','z:\\fotos35866853 02-02-2015 13-06-41.jpg','2015-02-01 13:06:41',0),(116,17,'2015-02-02 14:33:51','z:\\fotos6666666 02-02-2015 14-33-51.jpg','2015-02-01 14:33:51',0),(117,71,'2015-02-02 15:04:08','z:\\fotos4500000 02-02-2015 15-04-08.jpg','2015-02-01 15:04:08',0),(118,54,'2015-02-02 15:59:21','z:\\fotos30000000 02-02-2015 15-59-21.jpg','2015-02-01 15:59:21',0),(119,60,'2015-02-02 16:20:55','z:\\fotos27261421 02-02-2015 16-20-55.jpg','2015-02-01 16:20:55',0),(120,46,'2015-02-02 16:35:01','z:\\fotos25000000 02-02-2015 16-35-01.jpg','2015-02-01 16:35:01',0),(121,20,'2015-02-02 16:35:27','z:\\fotos8888888 02-02-2015 16-35-27.jpg','2015-02-01 16:35:27',0),(122,52,'2015-02-02 16:48:54','z:\\fotos280000000 02-02-2015 16-48-54.jpg','2015-02-01 16:48:54',0),(123,16,'2015-02-02 17:07:20','z:\\fotos66666666 02-02-2015 17-07-20.jpg','2015-02-01 17:07:20',0),(124,55,'2015-02-02 17:07:58','z:\\fotos3100000 02-02-2015 17-07-58.jpg','2015-02-01 17:07:58',0),(125,38,'2015-02-02 17:08:14','z:\\fotos1900000 02-02-2015 17-08-14.jpg','2015-02-01 17:08:14',0),(126,51,'2015-02-02 17:10:09','z:\\fotos27000000 02-02-2015 17-10-09.jpg','2015-02-01 17:10:09',0),(127,21,'2015-02-02 17:39:27','z:\\fotos9999999 02-02-2015 17-39-27.jpg','2015-02-01 17:39:27',0),(128,43,'2015-02-02 18:00:30','z:\\fotos22000000 02-02-2015 18-00-30.jpg','2015-02-01 18:00:30',0),(129,40,'2015-02-02 18:00:46','z:\\fotos20000000 02-02-2015 18-00-46.jpg','2015-02-01 18:00:46',0),(130,56,'2015-02-02 18:03:40','z:\\fotos32000000 02-02-2015 18-03-40.jpg','2015-02-01 18:03:40',0),(131,58,'2015-02-02 18:13:17','z:\\fotos350000000 02-02-2015 18-13-17.jpg','2015-02-01 18:13:17',0),(132,22,'2015-02-02 18:31:07','z:\\fotos100000 02-02-2015 18-31-07.jpg','2015-02-01 18:31:07',0),(133,18,'2015-02-02 18:31:24','z:\\fotos7777777 02-02-2015 18-31-24.jpg','2015-02-01 18:31:24',0),(134,26,'2015-02-02 18:43:14','z:\\fotos12 02-02-2015 18-43-14.jpg','2015-02-01 18:43:14',0),(135,3,'2015-02-02 18:58:06','z:\\fotos34851374 02-02-2015 18-58-06.jpg','2015-02-01 18:58:06',0),(136,80,'2015-02-02 19:03:53','z:\\fotos588888 02-02-2015 19-03-53.jpg','2015-02-01 19:03:53',0),(137,75,'2015-02-02 19:07:57','z:\\fotos533333 02-02-2015 19-07-57.jpg','2015-02-01 19:07:57',0),(138,79,'2015-02-02 19:37:08','z:\\fotos577777777 02-02-2015 19-37-08.jpg','2015-02-01 19:37:08',0),(139,25,'2015-02-02 19:58:19','z:\\fotos1200000 02-02-2015 19-58-19.jpg','2015-02-01 19:58:19',0),(140,38,'2015-02-02 20:12:09','z:\\fotos1900000 02-02-2015 20-12-09.jpg','2015-02-01 20:12:09',0),(141,67,'2015-02-02 20:13:08','z:\\fotos42000000 02-02-2015 20-13-08.jpg','2015-02-01 20:13:08',0),(142,41,'2015-02-02 20:18:59','z:\\fotos21000000 02-02-2015 20-18-59.jpg','2015-02-01 20:18:59',0),(143,33,'2015-02-02 20:33:53','z:\\fotos16000000 02-02-2015 20-33-53.jpg','2015-02-01 20:33:53',0),(144,4,'2015-02-02 20:40:27','z:\\fotos29099818 02-02-2015 20-40-27.jpg','2015-02-02 20:40:27',0),(145,35,'2015-02-02 21:11:55','z:\\fotos18000000 02-02-2015 21-11-55.jpg','2015-02-01 21:11:55',0),(146,34,'2015-02-02 21:15:10','z:\\fotos17000000 02-02-2015 21-15-10.jpg','2015-02-01 21:15:10',0),(147,47,'2015-02-02 23:52:03','z:\\fotos29909418 02-02-2015 23-52-03.jpg','2015-02-02 23:52:03',0),(148,59,'2015-02-02 23:56:51','z:\\fotos36383309 02-02-2015 23-56-51.jpg','2015-02-02 23:56:51',0),(149,23,'2015-02-03 00:24:07','z:\\fotos1100000 03-02-2015 00-24-07.jpg','2015-02-02 00:24:07',0),(150,54,'2015-02-03 00:24:31','z:\\fotos30000000 03-02-2015 00-24-31.jpg','2015-02-02 00:24:31',0),(151,46,'2015-02-03 02:24:49','z:\\fotos25000000 03-02-2015 02-24-49.jpg','2015-02-02 02:24:49',0),(152,52,'2015-02-03 02:30:03','z:\\fotos280000000 03-02-2015 02-30-03.jpg','2015-02-02 02:30:03',0),(153,51,'2015-02-03 02:40:07','z:\\fotos27000000 03-02-2015 02-40-07.jpg','2015-02-02 02:40:07',0),(154,20,'2015-02-03 02:55:09','z:\\fotos8888888 03-02-2015 02-55-09.jpg','2015-02-02 02:55:09',0),(155,16,'2015-02-03 03:03:31','z:\\fotos66666666 03-02-2015 03-03-31.jpg','2015-02-02 03:03:31',0),(156,55,'2015-02-03 04:05:43','z:\\fotos3100000 03-02-2015 04-05-43.jpg','2015-02-02 04:05:43',0),(157,71,'2015-02-03 04:56:34','z:\\fotos4500000 03-02-2015 04-56-34.jpg','2015-02-02 04:56:34',0),(158,17,'2015-02-03 05:29:57','z:\\fotos6666666 03-02-2015 05-29-57.jpg','2015-02-02 05:29:57',0),(159,47,'2015-02-03 06:59:43','z:\\fotos29909418 03-02-2015 06-59-43.jpg','2015-02-02 06:59:43',0),(160,79,'2015-02-03 07:33:40','z:\\fotos577777777 03-02-2015 07-33-40.jpg','2015-02-02 07:33:40',0),(161,25,'2015-02-03 07:35:25','z:\\fotos1200000 03-02-2015 07-35-25.jpg','2015-02-02 07:35:25',0),(162,41,'2015-02-03 07:41:54','z:\\fotos21000000 03-02-2015 07-41-54.jpg','2015-02-02 07:41:54',0),(163,60,'2015-02-03 07:42:49','z:\\fotos27261421 03-02-2015 07-42-49.jpg','2015-02-02 07:42:49',0),(164,33,'2015-02-03 07:48:27','z:\\fotos16000000 03-02-2015 07-48-27.jpg','2015-02-02 07:48:27',0),(165,10,'2015-02-03 07:49:50','z:\\fotos11111111 03-02-2015 07-49-50.jpg','2015-02-02 07:49:50',0),(166,70,'2015-02-03 07:50:54','z:\\fotos440000 03-02-2015 07-50-54.jpg','2015-02-02 07:50:54',0),(167,75,'2015-02-03 07:54:25','z:\\fotos533333 03-02-2015 07-54-25.jpg','2015-02-02 07:54:25',0),(168,21,'2015-02-03 07:57:04','z:\\fotos9999999 03-02-2015 07-57-04.jpg','2015-02-02 07:57:04',0),(169,50,'2015-02-03 08:00:57','z:\\fotos26000000 03-02-2015 08-00-57.jpg','2015-02-02 08:00:57',0),(170,47,'2015-02-03 08:01:28','z:\\fotos29909418 03-02-2015 08-01-28.jpg','2015-02-02 08:01:28',0),(171,45,'2015-02-03 08:07:50','z:\\fotos35866853 03-02-2015 08-07-50.jpg','2015-02-02 08:07:50',0),(172,59,'2015-02-03 08:17:23','z:\\fotos36383309 03-02-2015 08-17-23.jpg','2015-02-02 08:17:23',0),(173,28,'2015-02-03 08:48:25','z:\\fotos1300000 03-02-2015 08-48-25.jpg','2015-02-02 08:48:25',0),(174,26,'2015-02-03 08:59:28','z:\\fotos12 03-02-2015 08-59-28.jpg','2015-02-02 08:59:28',0),(175,4,'2015-02-03 09:00:28','z:\\fotos29099818 03-02-2015 09-00-28.jpg','2015-02-03 09:00:28',0),(176,18,'2015-02-03 09:13:08','z:\\fotos7777777 03-02-2015 09-13-08.jpg','2015-02-02 09:13:08',0),(177,22,'2015-02-03 09:13:32','z:\\fotos100000 03-02-2015 09-13-32.jpg','2015-02-02 09:13:32',0),(178,32,'2015-02-03 09:20:46','z:\\fotos1600000 03-02-2015 09-20-46.jpg','2015-02-02 09:20:46',0),(179,34,'2015-02-03 09:22:35','z:\\fotos17000000 03-02-2015 09-22-35.jpg','2015-02-02 09:22:35',0),(180,69,'2015-02-03 09:40:00','z:\\fotos4400000 03-02-2015 09-40-00.jpg','2015-02-02 09:40:00',0),(181,43,'2015-02-03 09:53:55','z:\\fotos22000000 03-02-2015 09-53-55.jpg','2015-02-02 09:53:55',0),(182,67,'2015-02-03 09:55:27','z:\\fotos42000000 03-02-2015 09-55-27.jpg','2015-02-02 09:55:27',0),(183,53,'2015-02-03 10:00:16','z:\\fotos2900000 03-02-2015 10-00-16.jpg','2015-02-02 10:00:16',0),(184,58,'2015-02-03 10:13:59','z:\\fotos350000000 03-02-2015 10-13-59.jpg','2015-02-02 10:13:59',0),(185,80,'2015-02-03 10:34:52','z:\\fotos588888 03-02-2015 10-34-52.jpg','2015-02-02 10:34:52',0),(186,56,'2015-02-03 10:51:35','z:\\fotos32000000 03-02-2015 10-51-35.jpg','2015-02-02 10:51:35',0),(187,68,'2015-02-03 10:56:59','z:\\fotos4300000 03-02-2015 10-56-59.jpg','2015-02-02 10:56:59',0),(188,68,'2015-02-03 11:31:41','z:\\fotos4300000 03-02-2015 11-31-41.jpg','2015-02-02 11:31:41',0),(189,38,'2015-02-03 11:51:05','z:\\fotos1900000 03-02-2015 11-51-05.jpg','2015-02-02 11:51:05',0),(190,58,'2015-02-03 12:11:33','z:\\fotos350000000 03-02-2015 12-11-33.jpg','2015-02-02 12:11:33',0),(191,12,'2015-02-03 14:01:00','z:\\fotos33333333 03-02-2015 14-01-00.jpg','2015-02-02 14:01:00',0),(192,17,'2015-02-03 14:17:34','z:\\fotos6666666 03-02-2015 14-17-34.jpg','2015-02-02 14:17:34',0),(193,71,'2015-02-03 15:03:08','z:\\fotos4500000 03-02-2015 15-03-08.jpg','2015-02-02 15:03:08',0),(194,38,'2015-02-03 15:55:46','z:\\fotos1900000 03-02-2015 15-55-46.jpg','2015-02-02 15:55:46',0),(195,40,'2015-02-03 15:56:28','z:\\fotos20000000 03-02-2015 15-56-28.jpg','2015-02-02 15:56:28',0),(196,70,'2015-02-03 15:57:02','z:\\fotos440000 03-02-2015 15-57-02.jpg','2015-02-02 15:57:02',0),(197,23,'2015-02-03 16:53:24','z:\\fotos1100000 03-02-2015 16-53-24.jpg','2015-02-02 16:53:24',0),(198,52,'2015-02-03 16:57:20','z:\\fotos280000000 03-02-2015 16-57-20.jpg','2015-02-02 16:57:20',0),(199,16,'2015-02-03 16:58:38','z:\\fotos66666666 03-02-2015 16-58-38.jpg','2015-02-02 16:58:38',0),(200,20,'2015-02-03 16:58:56','z:\\fotos8888888 03-02-2015 16-58-56.jpg','2015-02-02 16:58:56',0),(201,54,'2015-02-03 17:01:48','z:\\fotos30000000 03-02-2015 17-01-48.jpg','2015-02-02 17:01:48',0),(202,60,'2015-02-03 17:03:52','z:\\fotos27261421 03-02-2015 17-03-52.jpg','2015-02-02 17:03:52',0),(203,46,'2015-02-03 17:06:31','z:\\fotos25000000 03-02-2015 17-06-31.jpg','2015-02-02 17:06:31',0),(204,45,'2015-02-03 17:07:38','z:\\fotos35866853 03-02-2015 17-07-38.jpg','2015-02-02 17:07:38',0),(205,55,'2015-02-03 17:10:27','z:\\fotos3100000 03-02-2015 17-10-27.jpg','2015-02-02 17:10:27',0),(206,69,'2015-02-03 17:16:31','z:\\fotos4400000 03-02-2015 17-16-31.jpg','2015-02-02 17:16:31',0),(207,25,'2015-02-03 17:47:36','z:\\fotos1200000 03-02-2015 17-47-36.jpg','2015-02-02 17:47:36',0),(208,21,'2015-02-03 17:49:30','z:\\fotos9999999 03-02-2015 17-49-30.jpg','2015-02-02 17:49:30',0),(209,10,'2015-02-03 17:50:11','z:\\fotos11111111 03-02-2015 17-50-11.jpg','2015-02-02 17:50:11',0),(210,26,'2015-02-03 18:01:36','z:\\fotos12 03-02-2015 18-01-36.jpg','2015-02-02 18:01:36',0),(211,50,'2015-02-03 18:02:07','z:\\fotos26000000 03-02-2015 18-02-07.jpg','2015-02-02 18:02:07',0),(212,56,'2015-02-03 18:04:59','z:\\fotos32000000 03-02-2015 18-04-59.jpg','2015-02-02 18:04:59',0),(213,18,'2015-02-03 18:18:11','z:\\fotos7777777 03-02-2015 18-18-11.jpg','2015-02-02 18:18:11',0),(214,22,'2015-02-03 18:18:25','z:\\fotos100000 03-02-2015 18-18-25.jpg','2015-02-02 18:18:25',0),(215,12,'2015-02-03 18:33:51','z:\\fotos33333333 03-02-2015 18-33-51.jpg','2015-02-02 18:33:51',0),(216,75,'2015-02-03 19:00:39','z:\\fotos533333 03-02-2015 19-00-39.jpg','2015-02-02 19:00:39',0),(217,80,'2015-02-03 19:05:07','z:\\fotos588888 03-02-2015 19-05-07.jpg','2015-02-02 19:05:07',0),(218,79,'2015-02-03 19:11:50','z:\\fotos577777777 03-02-2015 19-11-50.jpg','2015-02-02 19:11:50',0),(219,43,'2015-02-03 19:42:49','z:\\fotos22000000 03-02-2015 19-42-49.jpg','2015-02-02 19:42:49',0),(220,5,'2015-02-03 19:52:12','z:\\fotos23510807 03-02-2015 19-52-12.jpg','2015-02-03 19:52:12',0),(221,41,'2015-02-03 20:17:36','z:\\fotos21000000 03-02-2015 20-17-36.jpg','2015-02-02 20:17:36',0),(222,4,'2015-02-03 20:27:24','z:\\fotos29099818 03-02-2015 20-27-24.jpg','2015-02-03 20:27:24',0),(223,33,'2015-02-03 21:06:32','z:\\fotos16000000 03-02-2015 21-06-32.jpg','2015-02-02 21:06:32',0),(224,28,'2015-02-03 21:14:08','z:\\fotos1300000 03-02-2015 21-14-08.jpg','2015-02-02 21:14:08',0),(225,34,'2015-02-03 21:29:46','z:\\fotos17000000 03-02-2015 21-29-46.jpg','2015-02-02 21:29:46',0),(226,32,'2015-02-03 21:30:11','z:\\fotos1600000 03-02-2015 21-30-11.jpg','2015-02-02 21:30:11',0),(227,67,'2015-02-03 21:46:04','z:\\fotos42000000 03-02-2015 21-46-04.jpg','2015-02-02 21:46:04',0),(228,47,'2015-02-03 23:53:20','z:\\fotos29909418 03-02-2015 23-53-20.jpg','2015-02-03 23:53:20',0),(229,59,'2015-02-03 23:56:14','z:\\fotos36383309 03-02-2015 23-56-14.jpg','2015-02-03 23:56:14',0),(230,54,'2015-02-04 00:01:46','z:\\fotos30000000 04-02-2015 00-01-46.jpg','2015-02-03 00:01:46',0),(231,52,'2015-02-04 00:02:19','z:\\fotos280000000 04-02-2015 00-02-19.jpg','2015-02-03 00:02:19',0),(232,16,'2015-02-04 01:27:14','z:\\fotos66666666 04-02-2015 01-27-14.jpg','2015-02-03 01:27:14',0),(233,23,'2015-02-04 01:30:36','z:\\fotos1100000 04-02-2015 01-30-36.jpg','2015-02-03 01:30:36',0),(234,20,'2015-02-04 01:31:00','z:\\fotos8888888 04-02-2015 01-31-00.jpg','2015-02-03 01:31:00',0),(235,55,'2015-02-04 02:09:35','z:\\fotos3100000 04-02-2015 02-09-35.jpg','2015-02-03 02:09:35',0),(236,46,'2015-02-04 02:18:21','z:\\fotos25000000 04-02-2015 02-18-21.jpg','2015-02-03 02:18:21',0),(237,71,'2015-02-04 04:55:26','z:\\fotos4500000 04-02-2015 04-55-26.jpg','2015-02-03 04:55:26',0),(238,17,'2015-02-04 05:29:12','z:\\fotos6666666 04-02-2015 05-29-12.jpg','2015-02-03 05:29:12',0),(239,25,'2015-02-04 07:40:06','z:\\fotos1200000 04-02-2015 07-40-06.jpg','2015-02-03 07:40:06',0),(240,79,'2015-02-04 07:41:08','z:\\fotos577777777 04-02-2015 07-41-08.jpg','2015-02-03 07:41:08',0),(241,70,'2015-02-04 07:46:27','z:\\fotos440000 04-02-2015 07-46-27.jpg','2015-02-03 07:46:27',0),(242,10,'2015-02-04 07:47:01','z:\\fotos11111111 04-02-2015 07-47-01.jpg','2015-02-03 07:47:01',0),(243,75,'2015-02-04 07:47:19','z:\\fotos533333 04-02-2015 07-47-19.jpg','2015-02-03 07:47:19',0),(244,21,'2015-02-04 07:49:27','z:\\fotos9999999 04-02-2015 07-49-27.jpg','2015-02-03 07:49:27',0),(245,45,'2015-02-04 07:51:48','z:\\fotos35866853 04-02-2015 07-51-48.jpg','2015-02-03 07:51:48',0),(246,60,'2015-02-04 07:52:08','z:\\fotos27261421 04-02-2015 07-52-08.jpg','2015-02-03 07:52:08',0),(247,67,'2015-02-04 07:55:36','z:\\fotos42000000 04-02-2015 07-55-36.jpg','2015-02-03 07:55:36',0),(248,5,'2015-02-04 07:58:52','z:\\fotos23510807 04-02-2015 07-58-52.jpg','2015-02-03 07:58:52',0),(249,50,'2015-02-04 07:59:26','z:\\fotos26000000 04-02-2015 07-59-26.jpg','2015-02-03 07:59:26',0),(250,47,'2015-02-04 08:02:03','z:\\fotos29909418 04-02-2015 08-02-03.jpg','2015-02-03 08:02:03',0),(251,59,'2015-02-04 08:10:14','z:\\fotos36383309 04-02-2015 08-10-14.jpg','2015-02-03 08:10:14',0),(252,35,'2015-02-04 08:53:01','z:\\fotos18000000 04-02-2015 08-53-01.jpg','2015-02-03 08:53:01',0),(253,34,'2015-02-04 08:53:53','z:\\fotos17000000 04-02-2015 08-53-53.jpg','2015-02-03 08:53:53',0),(254,4,'2015-02-04 09:03:00','z:\\fotos29099818 04-02-2015 09-03-00.jpg','2015-02-04 09:03:00',0),(255,18,'2015-02-04 09:05:10','z:\\fotos7777777 04-02-2015 09-05-10.jpg','2015-02-03 09:05:10',0),(256,22,'2015-02-04 09:05:25','z:\\fotos100000 04-02-2015 09-05-25.jpg','2015-02-03 09:05:25',0),(257,26,'2015-02-04 09:12:48','z:\\fotos12 04-02-2015 09-12-48.jpg','2015-02-03 09:12:48',0),(258,43,'2015-02-04 09:14:59','z:\\fotos22000000 04-02-2015 09-14-59.jpg','2015-02-03 09:14:59',0),(259,69,'2015-02-04 09:39:56','z:\\fotos4400000 04-02-2015 09-39-56.jpg','2015-02-03 09:39:56',0),(260,28,'2015-02-04 09:51:20','z:\\fotos1300000 04-02-2015 09-51-20.jpg','2015-02-03 09:51:20',0),(261,33,'2015-02-04 09:58:40','z:\\fotos16000000 04-02-2015 09-58-40.jpg','2015-02-03 09:58:40',0),(262,56,'2015-02-04 11:46:56','z:\\fotos32000000 04-02-2015 11-46-56.jpg','2015-02-03 11:46:56',0),(263,17,'2015-02-04 13:25:50','z:\\fotos6666666 04-02-2015 13-25-50.jpg','2015-02-03 13:25:50',0),(264,12,'2015-02-04 13:51:33','z:\\fotos33333333 04-02-2015 13-51-33.jpg','2015-02-03 13:51:33',0),(265,25,'2015-02-04 15:04:30','z:\\fotos1200000 04-02-2015 15-04-30.jpg','2015-02-03 15:04:30',0),(266,71,'2015-02-04 15:07:06','z:\\fotos4500000 04-02-2015 15-07-06.jpg','2015-02-03 15:07:06',0),(267,67,'2015-02-04 16:05:07','z:\\fotos42000000 04-02-2015 16-05-07.jpg','2015-02-03 16:05:07',0),(268,60,'2015-02-04 16:14:44','z:\\fotos27261421 04-02-2015 16-14-44.jpg','2015-02-03 16:14:44',0),(269,70,'2015-02-04 16:28:20','z:\\fotos440000 04-02-2015 16-28-20.jpg','2015-02-03 16:28:20',0),(270,55,'2015-02-04 16:46:19','z:\\fotos3100000 04-02-2015 16-46-19.jpg','2015-02-03 16:46:19',0),(271,20,'2015-02-04 16:59:44','z:\\fotos8888888 04-02-2015 16-59-44.jpg','2015-02-03 16:59:44',0),(272,54,'2015-02-04 17:02:01','z:\\fotos30000000 04-02-2015 17-02-01.jpg','2015-02-03 17:02:01',0),(273,69,'2015-02-04 17:02:29','z:\\fotos4400000 04-02-2015 17-02-29.jpg','2015-02-03 17:02:29',0),(274,23,'2015-02-04 17:02:57','z:\\fotos1100000 04-02-2015 17-02-57.jpg','2015-02-03 17:02:57',0),(275,51,'2015-02-04 17:07:43','z:\\fotos27000000 04-02-2015 17-07-43.jpg','2015-02-03 17:07:43',0),(276,46,'2015-02-04 17:10:25','z:\\fotos25000000 04-02-2015 17-10-25.jpg','2015-02-03 17:10:25',0),(277,16,'2015-02-04 17:13:58','z:\\fotos66666666 04-02-2015 17-13-58.jpg','2015-02-03 17:13:58',0),(278,21,'2015-02-04 17:48:43','z:\\fotos9999999 04-02-2015 17-48-43.jpg','2015-02-03 17:48:43',0),(279,10,'2015-02-04 17:49:16','z:\\fotos11111111 04-02-2015 17-49-16.jpg','2015-02-03 17:49:16',0),(280,50,'2015-02-04 18:00:35','z:\\fotos26000000 04-02-2015 18-00-35.jpg','2015-02-03 18:00:35',0),(281,79,'2015-02-04 18:00:49','z:\\fotos577777777 04-02-2015 18-00-49.jpg','2015-02-03 18:00:49',0),(282,45,'2015-02-04 18:06:12','z:\\fotos35866853 04-02-2015 18-06-12.jpg','2015-02-03 18:06:12',0),(283,33,'2015-02-04 18:08:33','z:\\fotos16000000 04-02-2015 18-08-33.jpg','2015-02-03 18:08:33',0),(284,12,'2015-02-04 18:14:31','z:\\fotos33333333 04-02-2015 18-14-31.jpg','2015-02-03 18:14:31',0),(285,18,'2015-02-04 18:16:51','z:\\fotos7777777 04-02-2015 18-16-51.jpg','2015-02-03 18:16:51',0),(286,22,'2015-02-04 18:17:07','z:\\fotos100000 04-02-2015 18-17-07.jpg','2015-02-03 18:17:07',0),(287,26,'2015-02-04 18:19:57','z:\\fotos12 04-02-2015 18-19-57.jpg','2015-02-03 18:19:57',0),(288,43,'2015-02-04 18:24:08','z:\\fotos22000000 04-02-2015 18-24-08.jpg','2015-02-03 18:24:08',0),(289,75,'2015-02-04 18:28:26','z:\\fotos533333 04-02-2015 18-28-26.jpg','2015-02-03 18:28:26',0),(290,35,'2015-02-04 18:37:06','z:\\fotos18000000 04-02-2015 18-37-06.jpg','2015-02-03 18:37:06',0),(291,28,'2015-02-04 18:37:27','z:\\fotos1300000 04-02-2015 18-37-27.jpg','2015-02-03 18:37:27',0),(292,34,'2015-02-04 18:38:37','z:\\fotos17000000 04-02-2015 18-38-37.jpg','2015-02-03 18:38:37',0),(293,4,'2015-02-04 18:45:53','z:\\fotos29099818 04-02-2015 18-45-53.jpg','2015-02-04 18:45:53',0),(294,5,'2015-02-04 19:54:14','z:\\fotos23510807 04-02-2015 19-54-14.jpg','2015-02-04 19:54:14',0),(295,56,'2015-02-04 20:03:50','z:\\fotos32000000 04-02-2015 20-03-50.jpg','2015-02-03 20:03:50',0),(296,3,'2015-02-04 21:44:49','z:\\fotos34851374 04-02-2015 21-44-49.jpg','2015-02-03 21:44:49',0),(297,59,'2015-02-04 23:49:03','z:\\fotos36383309 04-02-2015 23-49-03.jpg','2015-02-04 23:49:03',0),(298,54,'2015-02-05 00:58:42','z:\\fotos30000000 05-02-2015 00-58-42.jpg','2015-02-04 00:58:42',0),(299,51,'2015-02-05 00:59:12','z:\\fotos27000000 05-02-2015 00-59-12.jpg','2015-02-04 00:59:12',0),(300,46,'2015-02-05 02:04:38','z:\\fotos25000000 05-02-2015 02-04-38.jpg','2015-02-04 02:04:38',0),(301,55,'2015-02-05 02:10:51','z:\\fotos3100000 05-02-2015 02-10-51.jpg','2015-02-04 02:10:51',0),(302,16,'2015-02-05 02:24:14','z:\\fotos66666666 05-02-2015 02-24-14.jpg','2015-02-04 02:24:14',0),(303,23,'2015-02-05 02:27:03','z:\\fotos1100000 05-02-2015 02-27-03.jpg','2015-02-04 02:27:03',0),(304,20,'2015-02-05 02:27:21','z:\\fotos8888888 05-02-2015 02-27-21.jpg','2015-02-04 02:27:21',0),(305,71,'2015-02-05 04:58:01','z:\\fotos4500000 05-02-2015 04-58-01.jpg','2015-02-04 04:58:01',0),(306,17,'2015-02-05 06:14:46','z:\\fotos6666666 05-02-2015 06-14-46.jpg','2015-02-04 06:14:46',0),(307,79,'2015-02-05 07:34:49','z:\\fotos577777777 05-02-2015 07-34-49.jpg','2015-02-04 07:34:49',0),(308,40,'2015-02-05 07:45:34','z:\\fotos20000000 05-02-2015 07-45-34.jpg','2015-02-04 07:45:34',0),(309,70,'2015-02-05 07:46:54','z:\\fotos440000 05-02-2015 07-46-54.jpg','2015-02-04 07:46:54',0),(310,40,'2015-02-05 07:47:23','z:\\fotos20000000 05-02-2015 07-47-23.jpg','2015-02-04 07:47:23',0),(311,10,'2015-02-05 07:47:42','z:\\fotos11111111 05-02-2015 07-47-42.jpg','2015-02-04 07:47:42',0),(312,67,'2015-02-05 07:48:17','z:\\fotos42000000 05-02-2015 07-48-17.jpg','2015-02-04 07:48:17',0),(313,75,'2015-02-05 07:49:44','z:\\fotos533333 05-02-2015 07-49-44.jpg','2015-02-04 07:49:44',0),(314,41,'2015-02-05 07:50:05','z:\\fotos21000000 05-02-2015 07-50-05.jpg','2015-02-04 07:50:05',0),(315,21,'2015-02-05 07:54:02','z:\\fotos9999999 05-02-2015 07-54-02.jpg','2015-02-04 07:54:02',0),(316,60,'2015-02-05 07:54:20','z:\\fotos27261421 05-02-2015 07-54-20.jpg','2015-02-04 07:54:20',0),(317,3,'2015-02-05 08:00:06','z:\\fotos34851374 05-02-2015 08-00-06.jpg','2015-02-04 08:00:06',0),(318,5,'2015-02-05 08:04:01','z:\\fotos23510807 05-02-2015 08-04-01.jpg','2015-02-04 08:04:01',0),(319,45,'2015-02-05 08:06:06','z:\\fotos35866853 05-02-2015 08-06-06.jpg','2015-02-04 08:06:06',0),(320,50,'2015-02-05 08:10:12','z:\\fotos26000000 05-02-2015 08-10-12.jpg','2015-02-04 08:10:12',0),(321,25,'2015-02-05 08:17:47','z:\\fotos1200000 05-02-2015 08-17-47.jpg','2015-02-04 08:17:47',0),(322,59,'2015-02-05 08:22:39','z:\\fotos36383309 05-02-2015 08-22-39.jpg','2015-02-04 08:22:39',0),(323,35,'2015-02-05 08:47:31','z:\\fotos18000000 05-02-2015 08-47-31.jpg','2015-02-04 08:47:31',0),(324,18,'2015-02-05 08:58:18','z:\\fotos7777777 05-02-2015 08-58-18.jpg','2015-02-04 08:58:18',0),(325,22,'2015-02-05 08:58:34','z:\\fotos100000 05-02-2015 08-58-34.jpg','2015-02-04 08:58:34',0),(326,26,'2015-02-05 09:13:40','z:\\fotos12 05-02-2015 09-13-40.jpg','2015-02-04 09:13:40',0),(327,34,'2015-02-05 09:22:00','z:\\fotos17000000 05-02-2015 09-22-00.jpg','2015-02-04 09:22:00',0),(328,4,'2015-02-05 09:26:45','z:\\fotos29099818 05-02-2015 09-26-45.jpg','2015-02-05 09:26:45',0),(329,33,'2015-02-05 09:37:51','z:\\fotos16000000 05-02-2015 09-37-51.jpg','2015-02-04 09:37:51',0),(330,28,'2015-02-05 09:44:53','z:\\fotos1300000 05-02-2015 09-44-53.jpg','2015-02-04 09:44:53',0),(331,56,'2015-02-05 09:49:21','z:\\fotos32000000 05-02-2015 09-49-21.jpg','2015-02-04 09:49:21',0),(332,58,'2015-02-05 10:01:33','z:\\fotos350000000 05-02-2015 10-01-33.jpg','2015-02-04 10:01:33',0),(333,80,'2015-02-05 10:02:51','z:\\fotos588888 05-02-2015 10-02-51.jpg','2015-02-04 10:02:51',0),(334,31,'2015-02-05 10:06:08','z:\\fotos150000 05-02-2015 10-06-08.jpg','2015-02-04 10:06:08',0),(335,43,'2015-02-05 10:28:12','z:\\fotos22000000 05-02-2015 10-28-12.jpg','2015-02-04 10:28:12',0),(336,38,'2015-02-05 11:53:35','z:\\fotos1900000 05-02-2015 11-53-35.jpg','2015-02-04 11:53:35',0),(337,53,'2015-02-05 11:58:31','z:\\fotos2900000 05-02-2015 11-58-31.jpg','2015-02-04 11:58:31',0),(338,17,'2015-02-05 13:08:43','z:\\fotos6666666 05-02-2015 13-08-43.jpg','2015-02-04 13:08:43',0),(339,12,'2015-02-05 13:40:50','z:\\fotos33333333 05-02-2015 13-40-50.jpg','2015-02-04 13:40:50',0),(340,71,'2015-02-05 15:00:37','z:\\fotos4500000 05-02-2015 15-00-37.jpg','2015-02-04 15:00:37',0),(341,38,'2015-02-05 15:33:48','z:\\fotos1900000 05-02-2015 15-33-48.jpg','2015-02-04 15:33:48',0),(342,55,'2015-02-05 16:00:23','z:\\fotos3100000 05-02-2015 16-00-23.jpg','2015-02-04 16:00:23',0),(343,70,'2015-02-05 16:13:28','z:\\fotos440000 05-02-2015 16-13-28.jpg','2015-02-04 16:13:28',0),(344,25,'2015-02-05 16:21:26','z:\\fotos1200000 05-02-2015 16-21-26.jpg','2015-02-04 16:21:26',0),(345,67,'2015-02-05 16:22:16','z:\\fotos42000000 05-02-2015 16-22-16.jpg','2015-02-04 16:22:16',0),(346,20,'2015-02-05 16:49:31','z:\\fotos8888888 05-02-2015 16-49-31.jpg','2015-02-04 16:49:31',0),(347,46,'2015-02-05 17:02:17','z:\\fotos25000000 05-02-2015 17-02-17.jpg','2015-02-04 17:02:17',0),(348,54,'2015-02-05 17:03:37','z:\\fotos30000000 05-02-2015 17-03-37.jpg','2015-02-04 17:03:37',0),(349,23,'2015-02-05 17:07:04','z:\\fotos1100000 05-02-2015 17-07-04.jpg','2015-02-04 17:07:04',0),(350,60,'2015-02-05 17:08:37','z:\\fotos27261421 05-02-2015 17-08-37.jpg','2015-02-04 17:08:37',0),(351,16,'2015-02-05 17:16:04','z:\\fotos66666666 05-02-2015 17-16-04.jpg','2015-02-04 17:16:04',0),(352,72,'2015-02-05 17:16:21','z:\\fotos50000000 05-02-2015 17-16-21.jpg','2015-02-04 17:16:21',0),(353,21,'2015-02-05 17:40:31','z:\\fotos9999999 05-02-2015 17-40-31.jpg','2015-02-04 17:40:31',0),(354,10,'2015-02-05 17:41:09','z:\\fotos11111111 05-02-2015 17-41-09.jpg','2015-02-04 17:41:09',0),(355,52,'2015-02-05 17:43:55','z:\\fotos280000000 05-02-2015 17-43-55.jpg','2015-02-04 17:43:55',0),(356,80,'2015-02-05 17:46:20','z:\\fotos588888 05-02-2015 17-46-20.jpg','2015-02-04 17:46:20',0),(357,51,'2015-02-05 18:00:44','z:\\fotos27000000 05-02-2015 18-00-44.jpg','2015-02-04 18:00:44',0),(358,75,'2015-02-05 18:03:51','z:\\fotos533333 05-02-2015 18-03-51.jpg','2015-02-04 18:03:51',0),(359,79,'2015-02-05 18:14:28','z:\\fotos577777777 05-02-2015 18-14-28.jpg','2015-02-04 18:14:28',0),(360,18,'2015-02-05 18:31:34','z:\\fotos7777777 05-02-2015 18-31-34.jpg','2015-02-04 18:31:34',0),(361,22,'2015-02-05 18:31:48','z:\\fotos100000 05-02-2015 18-31-48.jpg','2015-02-04 18:31:48',0),(362,26,'2015-02-05 18:56:54','z:\\fotos12 05-02-2015 18-56-54.jpg','2015-02-04 18:56:54',0),(363,45,'2015-02-05 18:59:40','z:\\fotos35866853 05-02-2015 18-59-40.jpg','2015-02-04 18:59:40',0),(364,56,'2015-02-05 19:02:53','z:\\fotos32000000 05-02-2015 19-02-53.jpg','2015-02-04 19:02:53',0),(365,12,'2015-02-05 19:05:05','z:\\fotos33333333 05-02-2015 19-05-05.jpg','2015-02-04 19:05:05',0),(366,50,'2015-02-05 19:07:05','z:\\fotos26000000 05-02-2015 19-07-05.jpg','2015-02-04 19:07:05',0),(367,31,'2015-02-05 19:10:03','z:\\fotos150000 05-02-2015 19-10-03.jpg','2015-02-04 19:10:03',0),(368,58,'2015-02-05 19:11:02','z:\\fotos350000000 05-02-2015 19-11-02.jpg','2015-02-04 19:11:02',0),(369,43,'2015-02-05 19:13:45','z:\\fotos22000000 05-02-2015 19-13-45.jpg','2015-02-04 19:13:45',0),(370,33,'2015-02-05 19:25:41','z:\\fotos16000000 05-02-2015 19-25-41.jpg','2015-02-04 19:25:41',0),(371,38,'2015-02-05 19:54:32','z:\\fotos1900000 05-02-2015 19-54-32.jpg','2015-02-04 19:54:32',0),(372,35,'2015-02-05 19:55:38','z:\\fotos18000000 05-02-2015 19-55-38.jpg','2015-02-04 19:55:38',0),(373,28,'2015-02-05 19:56:54','z:\\fotos1300000 05-02-2015 19-56-54.jpg','2015-02-04 19:56:54',0),(374,53,'2015-02-05 19:59:41','z:\\fotos2900000 05-02-2015 19-59-41.jpg','2015-02-04 19:59:41',0),(375,5,'2015-02-05 20:01:41','z:\\fotos23510807 05-02-2015 20-01-41.jpg','2015-02-05 20:01:41',0),(376,34,'2015-02-05 20:17:39','z:\\fotos17000000 05-02-2015 20-17-39.jpg','2015-02-04 20:17:39',0),(377,41,'2015-02-05 20:54:01','z:\\fotos21000000 05-02-2015 20-54-01.jpg','2015-02-04 20:54:01',0),(378,51,'2015-02-05 21:57:40','z:\\fotos27000000 05-02-2015 21-57-40.jpg','2015-02-04 21:57:40',0),(379,54,'2015-02-05 22:04:33','z:\\fotos30000000 05-02-2015 22-04-33.jpg','2015-02-04 22:04:33',0),(380,3,'2015-02-05 23:53:56','z:\\fotos34851374 05-02-2015 23-53-56.jpg','2015-02-05 23:53:56',0),(381,59,'2015-02-05 23:54:33','z:\\fotos36383309 05-02-2015 23-54-33.jpg','2015-02-05 23:54:33',0),(382,38,'2015-02-06 00:07:18','z:\\fotos1900000 06-02-2015 00-07-18.jpg','2015-02-05 00:07:18',0),(383,4,'2015-02-06 00:29:02','z:\\fotos29099818 06-02-2015 00-29-02.jpg','2015-02-05 00:29:02',0),(384,52,'2015-02-06 00:54:26','z:\\fotos280000000 06-02-2015 00-54-26.jpg','2015-02-05 00:54:26',0),(385,46,'2015-02-06 02:12:26','z:\\fotos25000000 06-02-2015 02-12-26.jpg','2015-02-05 02:12:26',0),(386,55,'2015-02-06 02:15:09','z:\\fotos3100000 06-02-2015 02-15-09.jpg','2015-02-05 02:15:09',0),(387,20,'2015-02-06 02:19:36','z:\\fotos8888888 06-02-2015 02-19-36.jpg','2015-02-05 02:19:36',0),(388,23,'2015-02-06 02:20:47','z:\\fotos1100000 06-02-2015 02-20-47.jpg','2015-02-05 02:20:47',0),(389,72,'2015-02-06 02:21:08','z:\\fotos50000000 06-02-2015 02-21-08.jpg','2015-02-05 02:21:08',0),(390,16,'2015-02-06 02:21:47','z:\\fotos66666666 06-02-2015 02-21-47.jpg','2015-02-05 02:21:47',0),(391,17,'2015-02-06 05:29:13','z:\\fotos6666666 06-02-2015 05-29-13.jpg','2015-02-05 05:29:13',0),(392,25,'2015-02-06 07:14:36','z:\\fotos1200000 06-02-2015 07-14-36.jpg','2015-02-05 07:14:36',0),(393,79,'2015-02-06 07:39:34','z:\\fotos577777777 06-02-2015 07-39-34.jpg','2015-02-05 07:39:34',0),(394,67,'2015-02-06 07:44:05','z:\\fotos42000000 06-02-2015 07-44-05.jpg','2015-02-05 07:44:05',0),(395,41,'2015-02-06 07:45:09','z:\\fotos21000000 06-02-2015 07-45-09.jpg','2015-02-05 07:45:09',0),(396,21,'2015-02-06 07:48:16','z:\\fotos9999999 06-02-2015 07-48-16.jpg','2015-02-05 07:48:16',0),(397,10,'2015-02-06 07:48:34','z:\\fotos11111111 06-02-2015 07-48-34.jpg','2015-02-05 07:48:34',0),(398,60,'2015-02-06 07:49:36','z:\\fotos27261421 06-02-2015 07-49-36.jpg','2015-02-05 07:49:36',0),(399,75,'2015-02-06 07:51:48','z:\\fotos533333 06-02-2015 07-51-48.jpg','2015-02-05 07:51:48',0),(400,70,'2015-02-06 08:00:56','z:\\fotos440000 06-02-2015 08-00-56.jpg','2015-02-05 08:00:56',0),(401,5,'2015-02-06 08:02:30','z:\\fotos23510807 06-02-2015 08-02-30.jpg','2015-02-05 08:02:30',0),(402,63,'2015-02-06 08:03:30','z:\\fotos3900000 06-02-2015 08-03-30.jpg','2015-02-05 08:03:30',0),(403,45,'2015-02-06 08:05:34','z:\\fotos35866853 06-02-2015 08-05-34.jpg','2015-02-05 08:05:34',0),(404,50,'2015-02-06 08:07:55','z:\\fotos26000000 06-02-2015 08-07-55.jpg','2015-02-05 08:07:55',0),(405,3,'2015-02-06 08:10:44','z:\\fotos34851374 06-02-2015 08-10-44.jpg','2015-02-05 08:10:44',0),(406,59,'2015-02-06 08:19:09','z:\\fotos36383309 06-02-2015 08-19-09.jpg','2015-02-05 08:19:09',0),(407,35,'2015-02-06 08:52:17','z:\\fotos18000000 06-02-2015 08-52-17.jpg','2015-02-05 08:52:17',0),(408,4,'2015-02-06 08:55:44','z:\\fotos29099818 06-02-2015 08-55-44.jpg','2015-02-06 08:55:44',0),(409,18,'2015-02-06 09:04:55','z:\\fotos7777777 06-02-2015 09-04-55.jpg','2015-02-05 09:04:55',0),(410,22,'2015-02-06 09:05:17','z:\\fotos100000 06-02-2015 09-05-17.jpg','2015-02-05 09:05:17',0),(411,26,'2015-02-06 09:06:17','z:\\fotos12 06-02-2015 09-06-17.jpg','2015-02-05 09:06:17',0),(412,34,'2015-02-06 09:06:59','z:\\fotos17000000 06-02-2015 09-06-59.jpg','2015-02-05 09:06:59',0),(413,43,'2015-02-06 09:10:54','z:\\fotos22000000 06-02-2015 09-10-54.jpg','2015-02-05 09:10:54',0),(414,33,'2015-02-06 09:36:08','z:\\fotos16000000 06-02-2015 09-36-08.jpg','2015-02-05 09:36:08',0),(415,69,'2015-02-06 09:53:29','z:\\fotos4400000 06-02-2015 09-53-29.jpg','2015-02-05 09:53:29',0),(416,32,'2015-02-06 10:01:10','z:\\fotos1600000 06-02-2015 10-01-10.jpg','2015-02-05 10:01:10',0),(417,31,'2015-02-06 10:02:16','z:\\fotos150000 06-02-2015 10-02-16.jpg','2015-02-05 10:02:16',0),(418,80,'2015-02-06 10:04:57','z:\\fotos588888 06-02-2015 10-04-57.jpg','2015-02-05 10:04:57',0),(419,28,'2015-02-06 10:23:31','z:\\fotos1300000 06-02-2015 10-23-31.jpg','2015-02-05 10:23:31',0),(420,58,'2015-02-06 11:05:24','z:\\fotos350000000 06-02-2015 11-05-24.jpg','2015-02-05 11:05:24',0),(421,53,'2015-02-06 12:01:13','z:\\fotos2900000 06-02-2015 12-01-13.jpg','2015-02-05 12:01:13',0),(422,40,'2015-02-06 12:20:30','z:\\fotos20000000 06-02-2015 12-20-30.jpg','2015-02-05 12:20:30',0),(423,38,'2015-02-06 12:24:47','z:\\fotos1900000 06-02-2015 12-24-47.jpg','2015-02-05 12:24:47',0),(424,40,'2015-02-06 13:07:52','z:\\fotos20000000 06-02-2015 13-07-52.jpg','2015-02-05 13:07:52',0),(425,45,'2015-02-06 13:13:56','z:\\fotos35866853 06-02-2015 13-13-56.jpg','2015-02-05 13:13:56',0),(426,12,'2015-02-06 13:54:58','z:\\fotos33333333 06-02-2015 13-54-58.jpg','2015-02-05 13:54:58',0),(427,17,'2015-02-06 13:56:03','z:\\fotos6666666 06-02-2015 13-56-03.jpg','2015-02-05 13:56:03',0),(428,33,'2015-02-06 15:25:43','z:\\fotos16000000 06-02-2015 15-25-43.jpg','2015-02-05 15:25:43',0),(429,70,'2015-02-06 16:02:14','z:\\fotos440000 06-02-2015 16-02-14.jpg','2015-02-05 16:02:14',0),(430,67,'2015-02-06 16:06:02','z:\\fotos42000000 06-02-2015 16-06-02.jpg','2015-02-05 16:06:02',0),(431,55,'2015-02-06 16:12:24','z:\\fotos3100000 06-02-2015 16-12-24.jpg','2015-02-05 16:12:24',0),(432,69,'2015-02-06 16:17:56','z:\\fotos4400000 06-02-2015 16-17-56.jpg','2015-02-05 16:17:56',0),(433,25,'2015-02-06 16:29:29','z:\\fotos1200000 06-02-2015 16-29-29.jpg','2015-02-05 16:29:29',0),(434,23,'2015-02-06 17:03:34','z:\\fotos1100000 06-02-2015 17-03-34.jpg','2015-02-05 17:03:34',0),(435,60,'2015-02-06 17:07:08','z:\\fotos27261421 06-02-2015 17-07-08.jpg','2015-02-05 17:07:08',0),(436,46,'2015-02-06 17:07:31','z:\\fotos25000000 06-02-2015 17-07-31.jpg','2015-02-05 17:07:31',0),(437,20,'2015-02-06 17:09:05','z:\\fotos8888888 06-02-2015 17-09-05.jpg','2015-02-05 17:09:05',0),(438,16,'2015-02-06 17:14:56','z:\\fotos66666666 06-02-2015 17-14-56.jpg','2015-02-05 17:14:56',0),(439,72,'2015-02-06 17:15:14','z:\\fotos50000000 06-02-2015 17-15-14.jpg','2015-02-05 17:15:14',0),(440,50,'2015-02-06 17:40:43','z:\\fotos26000000 06-02-2015 17-40-43.jpg','2015-02-05 17:40:43',0),(441,3,'2015-02-06 17:42:08','z:\\fotos34851374 06-02-2015 17-42-08.jpg','2015-02-05 17:42:08',0),(442,10,'2015-02-06 17:43:41','z:\\fotos11111111 06-02-2015 17-43-41.jpg','2015-02-05 17:43:41',0),(443,21,'2015-02-06 17:44:03','z:\\fotos9999999 06-02-2015 17-44-03.jpg','2015-02-05 17:44:03',0),(444,53,'2015-02-06 17:45:02','z:\\fotos2900000 06-02-2015 17-45-02.jpg','2015-02-05 17:45:02',0),(445,52,'2015-02-06 17:52:21','z:\\fotos280000000 06-02-2015 17-52-21.jpg','2015-02-05 17:52:21',0),(446,54,'2015-02-06 17:52:35','z:\\fotos30000000 06-02-2015 17-52-35.jpg','2015-02-05 17:52:35',0),(447,43,'2015-02-06 17:58:21','z:\\fotos22000000 06-02-2015 17-58-21.jpg','2015-02-05 17:58:21',0),(448,44,'2015-02-06 18:04:00','z:\\fotos23000000 06-02-2015 18-04-00.jpg','2015-02-05 18:04:00',0),(449,51,'2015-02-06 18:12:38','z:\\fotos27000000 06-02-2015 18-12-38.jpg','2015-02-05 18:12:38',0),(450,63,'2015-02-06 18:15:16','z:\\fotos3900000 06-02-2015 18-15-16.jpg','2015-02-05 18:15:16',0),(451,26,'2015-02-06 18:16:59','z:\\fotos12 06-02-2015 18-16-59.jpg','2015-02-05 18:16:59',0),(452,58,'2015-02-06 18:22:54','z:\\fotos350000000 06-02-2015 18-22-54.jpg','2015-02-05 18:22:54',0),(453,18,'2015-02-06 18:25:04','z:\\fotos7777777 06-02-2015 18-25-04.jpg','2015-02-05 18:25:04',0),(454,22,'2015-02-06 18:25:19','z:\\fotos100000 06-02-2015 18-25-19.jpg','2015-02-05 18:25:19',0),(455,12,'2015-02-06 18:41:12','z:\\fotos33333333 06-02-2015 18-41-12.jpg','2015-02-05 18:41:12',0),(456,80,'2015-02-06 19:00:06','z:\\fotos588888 06-02-2015 19-00-06.jpg','2015-02-05 19:00:06',0),(457,31,'2015-02-06 19:21:57','z:\\fotos150000 06-02-2015 19-21-57.jpg','2015-02-05 19:21:57',0),(458,75,'2015-02-06 19:30:42','z:\\fotos533333 06-02-2015 19-30-42.jpg','2015-02-05 19:30:42',0),(459,79,'2015-02-06 19:33:10','z:\\fotos577777777 06-02-2015 19-33-10.jpg','2015-02-05 19:33:10',0),(460,38,'2015-02-06 19:55:43','z:\\fotos1900000 06-02-2015 19-55-43.jpg','2015-02-05 19:55:43',0),(461,41,'2015-02-06 20:39:53','z:\\fotos21000000 06-02-2015 20-39-53.jpg','2015-02-05 20:39:53',0),(462,35,'2015-02-06 20:47:52','z:\\fotos18000000 06-02-2015 20-47-52.jpg','2015-02-05 20:47:52',0),(463,47,'2015-02-06 20:55:12','z:\\fotos29909418 06-02-2015 20-55-12.jpg','2015-02-05 20:55:12',0),(464,28,'2015-02-06 21:04:33','z:\\fotos1300000 06-02-2015 21-04-33.jpg','2015-02-05 21:04:33',0),(465,34,'2015-02-06 21:06:11','z:\\fotos17000000 06-02-2015 21-06-11.jpg','2015-02-05 21:06:11',0),(466,32,'2015-02-06 21:07:41','z:\\fotos1600000 06-02-2015 21-07-41.jpg','2015-02-05 21:07:41',0),(467,4,'2015-02-06 21:36:02','z:\\fotos29099818 06-02-2015 21-36-02.jpg','2015-02-06 21:36:02',0),(468,59,'2015-02-06 21:41:39','z:\\fotos36383309 06-02-2015 21-41-39.jpg','2015-02-05 21:41:39',0),(469,54,'2015-02-07 01:54:35','z:\\fotos30000000 07-02-2015 01-54-35.jpg','2015-02-06 01:54:35',0),(470,52,'2015-02-07 01:55:31','z:\\fotos280000000 07-02-2015 01-55-31.jpg','2015-02-06 01:55:31',0),(471,51,'2015-02-07 01:56:04','z:\\fotos27000000 07-02-2015 01-56-04.jpg','2015-02-06 01:56:04',0),(472,20,'2015-02-07 02:01:15','z:\\fotos8888888 07-02-2015 02-01-15.jpg','2015-02-06 02:01:15',0),(473,23,'2015-02-07 02:09:03','z:\\fotos1100000 07-02-2015 02-09-03.jpg','2015-02-06 02:09:03',0),(474,44,'2015-02-07 02:13:41','z:\\fotos23000000 07-02-2015 02-13-41.jpg','2015-02-06 02:13:41',0),(475,16,'2015-02-07 02:17:04','z:\\fotos66666666 07-02-2015 02-17-04.jpg','2015-02-06 02:17:04',0),(476,72,'2015-02-07 02:18:54','z:\\fotos50000000 07-02-2015 02-18-54.jpg','2015-02-06 02:18:54',0),(477,46,'2015-02-07 02:30:05','z:\\fotos25000000 07-02-2015 02-30-05.jpg','2015-02-06 02:30:05',0),(478,55,'2015-02-07 03:11:15','z:\\fotos3100000 07-02-2015 03-11-15.jpg','2015-02-06 03:11:15',0),(479,71,'2015-02-07 04:55:33','z:\\fotos4500000 07-02-2015 04-55-33.jpg','2015-02-06 04:55:33',0),(480,17,'2015-02-07 06:06:56','z:\\fotos6666666 07-02-2015 06-06-56.jpg','2015-02-06 06:06:56',0),(481,79,'2015-02-07 07:34:58','z:\\fotos577777777 07-02-2015 07-34-58.jpg','2015-02-06 07:34:58',0),(482,10,'2015-02-07 07:42:10','z:\\fotos11111111 07-02-2015 07-42-10.jpg','2015-02-06 07:42:10',0),(483,75,'2015-02-07 07:44:39','z:\\fotos533333 07-02-2015 07-44-39.jpg','2015-02-06 07:44:39',0),(484,21,'2015-02-07 07:45:23','z:\\fotos9999999 07-02-2015 07-45-23.jpg','2015-02-06 07:45:23',0),(485,67,'2015-02-07 07:46:15','z:\\fotos42000000 07-02-2015 07-46-15.jpg','2015-02-06 07:46:15',0),(486,70,'2015-02-07 07:50:57','z:\\fotos440000 07-02-2015 07-50-57.jpg','2015-02-06 07:50:57',0),(487,41,'2015-02-07 07:51:20','z:\\fotos21000000 07-02-2015 07-51-20.jpg','2015-02-06 07:51:20',0),(488,25,'2015-02-07 07:52:09','z:\\fotos1200000 07-02-2015 07-52-09.jpg','2015-02-06 07:52:09',0),(489,50,'2015-02-07 07:57:33','z:\\fotos26000000 07-02-2015 07-57-33.jpg','2015-02-06 07:57:33',0),(490,45,'2015-02-07 08:00:13','z:\\fotos35866853 07-02-2015 08-00-13.jpg','2015-02-06 08:00:13',0),(491,47,'2015-02-07 08:02:19','z:\\fotos29909418 07-02-2015 08-02-19.jpg','2015-02-06 08:02:19',0),(492,60,'2015-02-07 08:03:06','z:\\fotos27261421 07-02-2015 08-03-06.jpg','2015-02-06 08:03:06',0),(493,63,'2015-02-07 08:07:16','z:\\fotos3900000 07-02-2015 08-07-16.jpg','2015-02-06 08:07:16',0),(494,5,'2015-02-07 08:10:17','z:\\fotos23510807 07-02-2015 08-10-17.jpg','2015-02-06 08:10:17',0),(495,59,'2015-02-07 08:12:12','z:\\fotos36383309 07-02-2015 08-12-12.jpg','2015-02-06 08:12:12',0),(496,4,'2015-02-07 08:51:32','z:\\fotos29099818 07-02-2015 08-51-32.jpg','2015-02-07 08:51:32',0),(497,35,'2015-02-07 09:04:41','z:\\fotos18000000 07-02-2015 09-04-41.jpg','2015-02-06 09:04:41',0),(498,26,'2015-02-07 09:05:36','z:\\fotos12 07-02-2015 09-05-36.jpg','2015-02-06 09:05:36',0),(499,32,'2015-02-07 09:11:36','z:\\fotos1600000 07-02-2015 09-11-36.jpg','2015-02-06 09:11:36',0),(500,18,'2015-02-07 09:12:55','z:\\fotos7777777 07-02-2015 09-12-55.jpg','2015-02-06 09:12:55',0),(501,22,'2015-02-07 09:13:18','z:\\fotos100000 07-02-2015 09-13-18.jpg','2015-02-06 09:13:18',0),(502,34,'2015-02-07 09:13:34','z:\\fotos17000000 07-02-2015 09-13-34.jpg','2015-02-06 09:13:34',0),(503,28,'2015-02-07 09:38:09','z:\\fotos1300000 07-02-2015 09-38-09.jpg','2015-02-06 09:38:09',0),(504,69,'2015-02-07 09:41:01','z:\\fotos4400000 07-02-2015 09-41-01.jpg','2015-02-06 09:41:01',0),(505,56,'2015-02-07 10:01:07','z:\\fotos32000000 07-02-2015 10-01-07.jpg','2015-02-06 10:01:07',0),(506,33,'2015-02-07 10:01:23','z:\\fotos16000000 07-02-2015 10-01-23.jpg','2015-02-06 10:01:23',0),(507,58,'2015-02-07 10:01:39','z:\\fotos350000000 07-02-2015 10-01-39.jpg','2015-02-06 10:01:39',0),(508,24,'2015-02-07 10:06:01','z:\\fotos110000000 07-02-2015 10-06-01.jpg','2015-02-06 10:06:01',0),(509,80,'2015-02-07 10:09:35','z:\\fotos588888 07-02-2015 10-09-35.jpg','2015-02-06 10:09:35',0),(510,43,'2015-02-07 10:27:09','z:\\fotos22000000 07-02-2015 10-27-09.jpg','2015-02-06 10:27:09',0),(511,3,'2015-02-07 10:57:03','z:\\fotos34851374 07-02-2015 10-57-03.jpg','2015-02-06 10:57:03',0),(512,31,'2015-02-07 11:03:38','z:\\fotos150000 07-02-2015 11-03-38.jpg','2015-02-06 11:03:38',0),(513,53,'2015-02-07 12:00:56','z:\\fotos2900000 07-02-2015 12-00-56.jpg','2015-02-06 12:00:56',0),(514,17,'2015-02-07 14:22:32','z:\\fotos6666666 07-02-2015 14-22-32.jpg','2015-02-06 14:22:32',0),(515,71,'2015-02-07 15:01:00','z:\\fotos4500000 07-02-2015 15-01-00.jpg','2015-02-06 15:01:00',0),(516,12,'2015-02-07 15:31:38','z:\\fotos33333333 07-02-2015 15-31-38.jpg','2015-02-06 15:31:38',0),(517,67,'2015-02-07 16:03:58','z:\\fotos42000000 07-02-2015 16-03-58.jpg','2015-02-06 16:03:58',0),(518,70,'2015-02-07 16:50:06','z:\\fotos440000 07-02-2015 16-50-06.jpg','2015-02-06 16:50:06',0),(519,69,'2015-02-07 16:55:10','z:\\fotos4400000 07-02-2015 16-55-10.jpg','2015-02-06 16:55:10',0),(520,20,'2015-02-07 17:01:24','z:\\fotos8888888 07-02-2015 17-01-24.jpg','2015-02-06 17:01:24',0),(521,23,'2015-02-07 17:05:27','z:\\fotos1100000 07-02-2015 17-05-27.jpg','2015-02-06 17:05:27',0),(522,45,'2015-02-07 17:10:02','z:\\fotos35866853 07-02-2015 17-10-02.jpg','2015-02-06 17:10:02',0),(523,16,'2015-02-07 17:18:35','z:\\fotos66666666 07-02-2015 17-18-35.jpg','2015-02-06 17:18:35',0),(524,72,'2015-02-07 17:19:05','z:\\fotos50000000 07-02-2015 17-19-05.jpg','2015-02-06 17:19:05',0),(525,52,'2015-02-07 17:28:40','z:\\fotos280000000 07-02-2015 17-28-40.jpg','2015-02-06 17:28:40',0),(526,60,'2015-02-07 17:38:59','z:\\fotos27261421 07-02-2015 17-38-59.jpg','2015-02-06 17:38:59',0),(527,21,'2015-02-07 17:40:56','z:\\fotos9999999 07-02-2015 17-40-56.jpg','2015-02-06 17:40:56',0),(528,10,'2015-02-07 17:41:14','z:\\fotos11111111 07-02-2015 17-41-14.jpg','2015-02-06 17:41:14',0),(529,58,'2015-02-07 17:55:34','z:\\fotos350000000 07-02-2015 17-55-34.jpg','2015-02-06 17:55:34',0),(530,46,'2015-02-07 17:56:32','z:\\fotos25000000 07-02-2015 17-56-32.jpg','2015-02-06 17:56:32',0),(531,55,'2015-02-07 17:58:02','z:\\fotos3100000 07-02-2015 17-58-02.jpg','2015-02-06 17:58:02',0),(532,50,'2015-02-07 18:00:16','z:\\fotos26000000 07-02-2015 18-00-16.jpg','2015-02-06 18:00:16',0),(533,63,'2015-02-07 18:01:01','z:\\fotos3900000 07-02-2015 18-01-01.jpg','2015-02-06 18:01:01',0),(534,44,'2015-02-07 18:01:58','z:\\fotos23000000 07-02-2015 18-01-58.jpg','2015-02-06 18:01:58',0),(535,54,'2015-02-07 18:06:57','z:\\fotos30000000 07-02-2015 18-06-57.jpg','2015-02-06 18:06:57',0),(536,18,'2015-02-07 18:18:43','z:\\fotos7777777 07-02-2015 18-18-43.jpg','2015-02-06 18:18:43',0),(537,22,'2015-02-07 18:18:59','z:\\fotos100000 07-02-2015 18-18-59.jpg','2015-02-06 18:18:59',0),(538,26,'2015-02-07 18:21:29','z:\\fotos12 07-02-2015 18-21-29.jpg','2015-02-06 18:21:29',0),(539,56,'2015-02-07 18:32:25','z:\\fotos32000000 07-02-2015 18-32-25.jpg','2015-02-06 18:32:25',0),(540,53,'2015-02-07 18:41:37','z:\\fotos2900000 07-02-2015 18-41-37.jpg','2015-02-06 18:41:37',0),(541,80,'2015-02-07 18:46:44','z:\\fotos588888 07-02-2015 18-46-44.jpg','2015-02-06 18:46:44',0),(542,3,'2015-02-07 18:59:22','z:\\fotos34851374 07-02-2015 18-59-22.jpg','2015-02-06 18:59:22',0),(543,51,'2015-02-07 19:03:11','z:\\fotos27000000 07-02-2015 19-03-11.jpg','2015-02-06 19:03:11',0),(544,33,'2015-02-07 19:05:45','z:\\fotos16000000 07-02-2015 19-05-45.jpg','2015-02-06 19:05:45',0),(545,40,'2015-02-07 19:09:52','z:\\fotos20000000 07-02-2015 19-09-52.jpg','2015-02-06 19:09:52',0),(546,12,'2015-02-07 19:21:09','z:\\fotos33333333 07-02-2015 19-21-09.jpg','2015-02-06 19:21:09',0),(547,79,'2015-02-07 19:22:32','z:\\fotos577777777 07-02-2015 19-22-32.jpg','2015-02-06 19:22:32',0),(548,25,'2015-02-07 19:25:18','z:\\fotos1200000 07-02-2015 19-25-18.jpg','2015-02-06 19:25:18',0),(549,43,'2015-02-07 19:30:44','z:\\fotos22000000 07-02-2015 19-30-44.jpg','2015-02-06 19:30:44',0),(550,5,'2015-02-07 20:00:05','z:\\fotos23510807 07-02-2015 20-00-05.jpg','2015-02-07 20:00:05',0),(551,47,'2015-02-07 20:54:59','z:\\fotos29909418 07-02-2015 20-54-59.jpg','2015-02-06 20:54:59',0),(552,35,'2015-02-07 21:06:22','z:\\fotos18000000 07-02-2015 21-06-22.jpg','2015-02-06 21:06:22',0),(553,41,'2015-02-07 21:07:14','z:\\fotos21000000 07-02-2015 21-07-14.jpg','2015-02-06 21:07:14',0),(554,32,'2015-02-07 21:14:35','z:\\fotos1600000 07-02-2015 21-14-35.jpg','2015-02-06 21:14:35',0),(555,28,'2015-02-07 21:27:43','z:\\fotos1300000 07-02-2015 21-27-43.jpg','2015-02-06 21:27:43',0),(556,33,'2015-02-07 21:40:57','z:\\fotos16000000 07-02-2015 21-40-57.jpg','2015-02-06 21:40:57',0),(557,59,'2015-02-07 23:55:57','z:\\fotos36383309 07-02-2015 23-55-57.jpg','2015-02-07 23:55:57',0),(558,4,'2015-02-08 00:36:25','z:\\fotos29099818 08-02-2015 00-36-25.jpg','2015-02-07 00:36:25',0),(559,52,'2015-02-08 01:26:53','z:\\fotos280000000 08-02-2015 01-26-53.jpg','2015-02-07 01:26:53',0),(560,33,'2015-02-08 01:32:14','z:\\fotos16000000 08-02-2015 01-32-14.jpg','2015-02-07 01:32:14',0),(561,20,'2015-02-08 01:42:26','z:\\fotos8888888 08-02-2015 01-42-26.jpg','2015-02-07 01:42:26',0),(562,72,'2015-02-08 01:43:46','z:\\fotos50000000 08-02-2015 01-43-46.jpg','2015-02-07 01:43:46',0),(563,16,'2015-02-08 01:44:14','z:\\fotos66666666 08-02-2015 01-44-14.jpg','2015-02-07 01:44:14',0),(564,23,'2015-02-08 02:00:14','z:\\fotos1100000 08-02-2015 02-00-14.jpg','2015-02-07 02:00:14',0),(565,51,'2015-02-08 02:00:52','z:\\fotos27000000 08-02-2015 02-00-52.jpg','2015-02-07 02:00:52',0),(566,54,'2015-02-08 02:03:17','z:\\fotos30000000 08-02-2015 02-03-17.jpg','2015-02-07 02:03:17',0),(567,44,'2015-02-08 02:15:27','z:\\fotos23000000 08-02-2015 02-15-27.jpg','2015-02-07 02:15:27',0),(568,46,'2015-02-08 02:17:23','z:\\fotos25000000 08-02-2015 02-17-23.jpg','2015-02-07 02:17:23',0),(569,40,'2015-02-08 02:55:27','z:\\fotos20000000 08-02-2015 02-55-27.jpg','2015-02-07 02:55:27',0),(570,55,'2015-02-08 03:02:35','z:\\fotos3100000 08-02-2015 03-02-35.jpg','2015-02-07 03:02:35',0),(571,71,'2015-02-08 04:57:40','z:\\fotos4500000 08-02-2015 04-57-40.jpg','2015-02-07 04:57:40',0),(572,11,'2015-02-08 05:52:33','z:\\fotos22222222 08-02-2015 05-52-33.jpg','2015-02-07 05:52:33',0),(573,25,'2015-02-08 06:03:50','z:\\fotos1200000 08-02-2015 06-03-50.jpg','2015-02-07 06:03:50',0),(574,11,'2015-02-08 06:10:24','z:\\fotos22222222 08-02-2015 06-10-24.jpg','2015-02-07 06:10:24',0),(575,67,'2015-02-08 07:45:07','z:\\fotos42000000 08-02-2015 07-45-07.jpg','2015-02-07 07:45:07',0),(576,41,'2015-02-08 07:46:43','z:\\fotos21000000 08-02-2015 07-46-43.jpg','2015-02-07 07:46:43',0),(577,21,'2015-02-08 07:47:38','z:\\fotos9999999 08-02-2015 07-47-38.jpg','2015-02-07 07:47:38',0),(578,75,'2015-02-08 07:54:35','z:\\fotos533333 08-02-2015 07-54-35.jpg','2015-02-07 07:54:35',0),(579,79,'2015-02-08 07:55:18','z:\\fotos577777777 08-02-2015 07-55-18.jpg','2015-02-07 07:55:18',0),(580,50,'2015-02-08 07:55:43','z:\\fotos26000000 08-02-2015 07-55-43.jpg','2015-02-07 07:55:43',0),(581,10,'2015-02-08 07:57:40','z:\\fotos11111111 08-02-2015 07-57-40.jpg','2015-02-07 07:57:40',0),(582,5,'2015-02-08 07:59:58','z:\\fotos23510807 08-02-2015 07-59-58.jpg','2015-02-07 07:59:58',0),(583,45,'2015-02-08 08:03:44','z:\\fotos35866853 08-02-2015 08-03-44.jpg','2015-02-07 08:03:44',0),(584,60,'2015-02-08 08:05:02','z:\\fotos27261421 08-02-2015 08-05-02.jpg','2015-02-07 08:05:02',0),(585,63,'2015-02-08 08:05:26','z:\\fotos3900000 08-02-2015 08-05-26.jpg','2015-02-07 08:05:26',0),(586,47,'2015-02-08 08:06:30','z:\\fotos29909418 08-02-2015 08-06-30.jpg','2015-02-07 08:06:30',0),(587,11,'2015-02-08 08:07:41','z:\\fotos22222222 08-02-2015 08-07-41.jpg','2015-02-07 08:07:41',0),(588,59,'2015-02-08 08:16:21','z:\\fotos36383309 08-02-2015 08-16-21.jpg','2015-02-07 08:16:21',0),(589,4,'2015-02-08 08:51:23','z:\\fotos29099818 08-02-2015 08-51-23.jpg','2015-02-08 08:51:23',0),(590,34,'2015-02-08 08:52:50','z:\\fotos17000000 08-02-2015 08-52-50.jpg','2015-02-07 08:52:50',0),(591,26,'2015-02-08 08:56:05','z:\\fotos12 08-02-2015 08-56-05.jpg','2015-02-07 08:56:05',0),(592,35,'2015-02-08 09:01:15','z:\\fotos18000000 08-02-2015 09-01-15.jpg','2015-02-07 09:01:15',0),(593,18,'2015-02-08 09:02:57','z:\\fotos7777777 08-02-2015 09-02-57.jpg','2015-02-07 09:02:57',0),(594,22,'2015-02-08 09:03:13','z:\\fotos100000 08-02-2015 09-03-13.jpg','2015-02-07 09:03:13',0),(595,32,'2015-02-08 09:08:55','z:\\fotos1600000 08-02-2015 09-08-55.jpg','2015-02-07 09:08:55',0),(596,28,'2015-02-08 09:40:15','z:\\fotos1300000 08-02-2015 09-40-15.jpg','2015-02-07 09:40:15',0),(597,69,'2015-02-08 09:45:10','z:\\fotos4400000 08-02-2015 09-45-10.jpg','2015-02-07 09:45:10',0),(598,56,'2015-02-08 09:58:36','z:\\fotos32000000 08-02-2015 09-58-36.jpg','2015-02-07 09:58:36',0),(599,3,'2015-02-08 10:01:23','z:\\fotos34851374 08-02-2015 10-01-23.jpg','2015-02-07 10:01:23',0),(600,43,'2015-02-08 10:02:15','z:\\fotos22000000 08-02-2015 10-02-15.jpg','2015-02-07 10:02:15',0),(601,24,'2015-02-08 10:06:11','z:\\fotos110000000 08-02-2015 10-06-11.jpg','2015-02-07 10:06:11',0),(602,80,'2015-02-08 10:11:52','z:\\fotos588888 08-02-2015 10-11-52.jpg','2015-02-07 10:11:52',0),(603,58,'2015-02-08 10:47:07','z:\\fotos350000000 08-02-2015 10-47-07.jpg','2015-02-07 10:47:07',0),(604,33,'2015-02-08 11:06:45','z:\\fotos16000000 08-02-2015 11-06-45.jpg','2015-02-07 11:06:45',0),(605,53,'2015-02-08 11:53:12','z:\\fotos2900000 08-02-2015 11-53-12.jpg','2015-02-07 11:53:12',0),(606,63,'2015-02-08 14:51:30','z:\\fotos3900000 08-02-2015 14-51-30.jpg','2015-02-07 14:51:30',0),(607,12,'2015-02-08 14:55:28','z:\\fotos33333333 08-02-2015 14-55-28.jpg','2015-02-07 14:55:28',0),(608,71,'2015-02-08 15:04:46','z:\\fotos4500000 08-02-2015 15-04-46.jpg','2015-02-07 15:04:46',0),(609,24,'2015-02-08 15:23:37','z:\\fotos110000000 08-02-2015 15-23-37.jpg','2015-02-07 15:23:37',0),(610,11,'2015-02-08 15:45:07','z:\\fotos22222222 08-02-2015 15-45-07.jpg','2015-02-07 15:45:07',0),(611,60,'2015-02-08 16:37:37','z:\\fotos27261421 08-02-2015 16-37-37.jpg','2015-02-07 16:37:37',0),(612,52,'2015-02-08 16:44:52','z:\\fotos280000000 08-02-2015 16-44-52.jpg','2015-02-08 16:44:52',0),(613,45,'2015-02-08 16:59:34','z:\\fotos35866853 08-02-2015 16-59-34.jpg','2015-02-07 16:59:34',0),(614,20,'2015-02-08 17:03:22','z:\\fotos8888888 08-02-2015 17-03-22.jpg','2015-02-07 17:03:22',0),(615,23,'2015-02-08 17:03:41','z:\\fotos1100000 08-02-2015 17-03-41.jpg','2015-02-07 17:03:41',0),(616,16,'2015-02-08 17:08:20','z:\\fotos66666666 08-02-2015 17-08-20.jpg','2015-02-07 17:08:20',0),(617,72,'2015-02-08 17:09:43','z:\\fotos50000000 08-02-2015 17-09-43.jpg','2015-02-07 17:09:43',0),(618,21,'2015-02-08 17:33:02','z:\\fotos9999999 08-02-2015 17-33-02.jpg','2015-02-07 17:33:02',0),(619,10,'2015-02-08 17:33:19','z:\\fotos11111111 08-02-2015 17-33-19.jpg','2015-02-07 17:33:19',0),(620,25,'2015-02-08 17:33:46','z:\\fotos1200000 08-02-2015 17-33-46.jpg','2015-02-07 17:33:46',0),(621,54,'2015-02-08 17:53:14','z:\\fotos30000000 08-02-2015 17-53-14.jpg','2015-02-07 17:53:14',0),(622,53,'2015-02-08 17:59:45','z:\\fotos2900000 08-02-2015 17-59-45.jpg','2015-02-07 17:59:45',0),(623,56,'2015-02-08 18:00:28','z:\\fotos32000000 08-02-2015 18-00-28.jpg','2015-02-07 18:00:28',0),(624,44,'2015-02-08 18:03:43','z:\\fotos23000000 08-02-2015 18-03-43.jpg','2015-02-07 18:03:43',0),(625,3,'2015-02-08 18:04:16','z:\\fotos34851374 08-02-2015 18-04-16.jpg','2015-02-07 18:04:16',0),(626,59,'2015-02-08 18:04:34','z:\\fotos36383309 08-02-2015 18-04-34.jpg','2015-02-07 18:04:34',0),(627,69,'2015-02-08 18:13:11','z:\\fotos4400000 08-02-2015 18-13-11.jpg','2015-02-07 18:13:11',0),(628,50,'2015-02-08 18:13:42','z:\\fotos26000000 08-02-2015 18-13-42.jpg','2015-02-07 18:13:42',0),(629,58,'2015-02-08 18:14:33','z:\\fotos350000000 08-02-2015 18-14-33.jpg','2015-02-07 18:14:33',0),(630,26,'2015-02-08 18:15:08','z:\\fotos12 08-02-2015 18-15-08.jpg','2015-02-07 18:15:08',0),(631,12,'2015-02-08 18:19:12','z:\\fotos33333333 08-02-2015 18-19-12.jpg','2015-02-07 18:19:12',0),(632,80,'2015-02-08 18:19:55','z:\\fotos588888 08-02-2015 18-19-55.jpg','2015-02-07 18:19:55',0),(633,18,'2015-02-08 18:25:10','z:\\fotos7777777 08-02-2015 18-25-10.jpg','2015-02-07 18:25:10',0),(634,22,'2015-02-08 18:26:44','z:\\fotos100000 08-02-2015 18-26-44.jpg','2015-02-07 18:26:44',0),(635,11,'2015-02-08 18:26:59','z:\\fotos22222222 08-02-2015 18-26-59.jpg','2015-02-07 18:26:59',0),(636,75,'2015-02-08 19:05:19','z:\\fotos533333 08-02-2015 19-05-19.jpg','2015-02-07 19:05:19',0),(637,79,'2015-02-08 19:13:15','z:\\fotos577777777 08-02-2015 19-13-15.jpg','2015-02-07 19:13:15',0),(638,38,'2015-02-08 20:00:05','z:\\fotos1900000 08-02-2015 20-00-05.jpg','2015-02-07 20:00:05',0),(639,33,'2015-02-08 20:00:28','z:\\fotos16000000 08-02-2015 20-00-28.jpg','2015-02-07 20:00:28',0),(640,41,'2015-02-08 20:34:14','z:\\fotos21000000 08-02-2015 20-34-14.jpg','2015-02-07 20:34:14',0),(641,35,'2015-02-08 20:37:37','z:\\fotos18000000 08-02-2015 20-37-37.jpg','2015-02-07 20:37:37',0),(642,28,'2015-02-08 20:38:56','z:\\fotos1300000 08-02-2015 20-38-56.jpg','2015-02-07 20:38:56',0),(643,47,'2015-02-08 20:56:02','z:\\fotos29909418 08-02-2015 20-56-02.jpg','2015-02-07 20:56:02',0),(644,34,'2015-02-08 21:00:35','z:\\fotos17000000 08-02-2015 21-00-35.jpg','2015-02-07 21:00:35',0),(645,32,'2015-02-08 21:01:54','z:\\fotos1600000 08-02-2015 21-01-54.jpg','2015-02-07 21:01:54',0),(646,43,'2015-02-08 21:09:45','z:\\fotos22000000 08-02-2015 21-09-45.jpg','2015-02-07 21:09:45',0),(647,46,'2015-02-08 23:26:50','z:\\fotos25000000 08-02-2015 23-26-50.jpg','2015-02-08 23:26:50',0),(648,5,'2015-02-08 23:39:36','z:\\fotos23510807 08-02-2015 23-39-36.jpg','2015-02-08 23:39:36',0),(649,38,'2015-02-09 00:00:58','z:\\fotos1900000 09-02-2015 00-00-58.jpg','2015-02-08 00:00:58',0),(650,4,'2015-02-09 00:03:22','z:\\fotos29099818 09-02-2015 00-03-22.jpg','2015-02-08 00:03:22',0),(651,52,'2015-02-09 00:49:16','z:\\fotos280000000 09-02-2015 00-49-16.jpg','2015-02-08 00:49:16',0),(652,44,'2015-02-09 01:20:41','z:\\fotos23000000 09-02-2015 01-20-41.jpg','2015-02-08 01:20:41',0),(653,54,'2015-02-09 01:29:44','z:\\fotos30000000 09-02-2015 01-29-44.jpg','2015-02-08 01:29:44',0),(654,16,'2015-02-09 02:03:28','z:\\fotos66666666 09-02-2015 02-03-28.jpg','2015-02-08 02:03:28',0),(655,72,'2015-02-09 02:03:48','z:\\fotos50000000 09-02-2015 02-03-48.jpg','2015-02-08 02:03:48',0),(656,20,'2015-02-09 02:04:09','z:\\fotos8888888 09-02-2015 02-04-09.jpg','2015-02-08 02:04:09',0),(657,23,'2015-02-09 02:04:29','z:\\fotos1100000 09-02-2015 02-04-29.jpg','2015-02-08 02:04:29',0),(658,59,'2015-02-09 02:10:10','z:\\fotos36383309 09-02-2015 02-10-10.jpg','2015-02-08 02:10:10',0),(659,71,'2015-02-09 04:56:15','z:\\fotos4500000 09-02-2015 04-56-15.jpg','2015-02-08 04:56:15',0),(660,17,'2015-02-09 06:06:28','z:\\fotos6666666 09-02-2015 06-06-28.jpg','2015-02-08 06:06:28',0),(661,25,'2015-02-09 07:26:51','z:\\fotos1200000 09-02-2015 07-26-51.jpg','2015-02-08 07:26:51',0),(662,41,'2015-02-09 07:32:31','z:\\fotos21000000 09-02-2015 07-32-31.jpg','2015-02-08 07:32:31',0),(663,70,'2015-02-09 07:38:17','z:\\fotos440000 09-02-2015 07-38-17.jpg','2015-02-08 07:38:17',0),(664,79,'2015-02-09 07:39:25','z:\\fotos577777777 09-02-2015 07-39-25.jpg','2015-02-08 07:39:25',0),(665,69,'2015-02-09 07:47:40','z:\\fotos4400000 09-02-2015 07-47-40.jpg','2015-02-08 07:47:40',0),(666,21,'2015-02-09 07:48:16','z:\\fotos9999999 09-02-2015 07-48-16.jpg','2015-02-08 07:48:16',0),(667,75,'2015-02-09 07:50:06','z:\\fotos533333 09-02-2015 07-50-06.jpg','2015-02-08 07:50:06',0),(668,67,'2015-02-09 07:53:00','z:\\fotos42000000 09-02-2015 07-53-00.jpg','2015-02-08 07:53:00',0),(669,10,'2015-02-09 07:55:15','z:\\fotos11111111 09-02-2015 07-55-15.jpg','2015-02-08 07:55:15',0),(670,45,'2015-02-09 07:58:19','z:\\fotos35866853 09-02-2015 07-58-19.jpg','2015-02-08 07:58:19',0),(671,5,'2015-02-09 07:58:44','z:\\fotos23510807 09-02-2015 07-58-44.jpg','2015-02-08 07:58:44',0),(672,47,'2015-02-09 08:03:31','z:\\fotos29909418 09-02-2015 08-03-31.jpg','2015-02-08 08:03:31',0),(673,28,'2015-02-09 08:03:48','z:\\fotos1300000 09-02-2015 08-03-48.jpg','2015-02-08 08:03:48',0),(674,46,'2015-02-09 08:08:15','z:\\fotos25000000 09-02-2015 08-08-15.jpg','2015-02-08 08:08:15',0),(675,3,'2015-02-09 08:58:28','z:\\fotos34851374 09-02-2015 08-58-28.jpg','2015-02-08 08:58:28',0),(676,43,'2015-02-09 09:03:11','z:\\fotos22000000 09-02-2015 09-03-11.jpg','2015-02-08 09:03:11',0),(677,32,'2015-02-09 09:07:08','z:\\fotos1600000 09-02-2015 09-07-08.jpg','2015-02-08 09:07:08',0),(678,24,'2015-02-09 09:07:35','z:\\fotos110000000 09-02-2015 09-07-35.jpg','2015-02-08 09:07:35',0),(679,35,'2015-02-09 09:10:14','z:\\fotos18000000 09-02-2015 09-10-14.jpg','2015-02-08 09:10:14',0),(680,22,'2015-02-09 09:10:32','z:\\fotos100000 09-02-2015 09-10-32.jpg','2015-02-08 09:10:32',0),(681,34,'2015-02-09 09:13:50','z:\\fotos17000000 09-02-2015 09-13-50.jpg','2015-02-08 09:13:50',0),(682,33,'2015-02-09 09:14:33','z:\\fotos16000000 09-02-2015 09-14-33.jpg','2015-02-08 09:14:33',0),(683,4,'2015-02-09 09:20:02','z:\\fotos29099818 09-02-2015 09-20-02.jpg','2015-02-09 09:20:02',0),(684,18,'2015-02-09 09:28:31','z:\\fotos7777777 09-02-2015 09-28-31.jpg','2015-02-08 09:28:31',0),(685,26,'2015-02-09 09:32:29','z:\\fotos12 09-02-2015 09-32-29.jpg','2015-02-08 09:32:29',0);
/*!40000 ALTER TABLE `registros` ENABLE KEYS */;
UNLOCK TABLES;

--
-- Table structure for table `tipodeempleados`
--

DROP TABLE IF EXISTS `tipodeempleados`;
/*!40101 SET @saved_cs_client     = @@character_set_client */;
/*!40101 SET character_set_client = utf8 */;
CREATE TABLE `tipodeempleados` (
  `idTIPODEEMPLEADOS` bigint(20) NOT NULL AUTO_INCREMENT,
  `detalle` varchar(50) NOT NULL,
  PRIMARY KEY (`idTIPODEEMPLEADOS`)
) ENGINE=InnoDB AUTO_INCREMENT=5 DEFAULT CHARSET=latin1;
/*!40101 SET character_set_client = @saved_cs_client */;

--
-- Dumping data for table `tipodeempleados`
--

LOCK TABLES `tipodeempleados` WRITE;
/*!40000 ALTER TABLE `tipodeempleados` DISABLE KEYS */;
INSERT INTO `tipodeempleados` VALUES (1,'EMPLEADO'),(2,'PASANTE'),(3,'PROFESIONAL'),(4,'OTROS');
/*!40000 ALTER TABLE `tipodeempleados` ENABLE KEYS */;
UNLOCK TABLES;

--
-- Table structure for table `tipodenovedad`
--

DROP TABLE IF EXISTS `tipodenovedad`;
/*!40101 SET @saved_cs_client     = @@character_set_client */;
/*!40101 SET character_set_client = utf8 */;
CREATE TABLE `tipodenovedad` (
  `idtiponovedad` int(11) NOT NULL AUTO_INCREMENT,
  `detalle` varchar(50) DEFAULT NULL,
  PRIMARY KEY (`idtiponovedad`)
) ENGINE=InnoDB AUTO_INCREMENT=6 DEFAULT CHARSET=latin1;
/*!40101 SET character_set_client = @saved_cs_client */;

--
-- Dumping data for table `tipodenovedad`
--

LOCK TABLES `tipodenovedad` WRITE;
/*!40000 ALTER TABLE `tipodenovedad` DISABLE KEYS */;
INSERT INTO `tipodenovedad` VALUES (1,'AUSENCIA'),(2,'CBIO HORARIO'),(3,'RECUPERO HORAS'),(4,'HORAS A RECUPERAR'),(5,'VARIOS');
/*!40000 ALTER TABLE `tipodenovedad` ENABLE KEYS */;
UNLOCK TABLES;

--
-- Table structure for table `tipodoc`
--

DROP TABLE IF EXISTS `tipodoc`;
/*!40101 SET @saved_cs_client     = @@character_set_client */;
/*!40101 SET character_set_client = utf8 */;
CREATE TABLE `tipodoc` (
  `idTIPODOC` int(11) NOT NULL AUTO_INCREMENT,
  `detalle` varchar(10) DEFAULT NULL,
  PRIMARY KEY (`idTIPODOC`)
) ENGINE=InnoDB AUTO_INCREMENT=12 DEFAULT CHARSET=latin1;
/*!40101 SET character_set_client = @saved_cs_client */;

--
-- Dumping data for table `tipodoc`
--

LOCK TABLES `tipodoc` WRITE;
/*!40000 ALTER TABLE `tipodoc` DISABLE KEYS */;
INSERT INTO `tipodoc` VALUES (6,'DNI'),(7,'LE'),(8,'CI'),(9,'PASAPORTE'),(10,'OTROS'),(11,'LC');
/*!40000 ALTER TABLE `tipodoc` ENABLE KEYS */;
UNLOCK TABLES;

--
-- Table structure for table `tiposdenovedades`
--

DROP TABLE IF EXISTS `tiposdenovedades`;
/*!40101 SET @saved_cs_client     = @@character_set_client */;
/*!40101 SET character_set_client = utf8 */;
CREATE TABLE `tiposdenovedades` (
  `idTIPOSDENOVEDADES` int(11) NOT NULL AUTO_INCREMENT,
  `idtipodenovedad` bigint(20) NOT NULL,
  `detalle` varchar(50) NOT NULL,
  PRIMARY KEY (`idTIPOSDENOVEDADES`)
) ENGINE=InnoDB AUTO_INCREMENT=7 DEFAULT CHARSET=latin1;
/*!40101 SET character_set_client = @saved_cs_client */;

--
-- Dumping data for table `tiposdenovedades`
--

LOCK TABLES `tiposdenovedades` WRITE;
/*!40000 ALTER TABLE `tiposdenovedades` DISABLE KEYS */;
INSERT INTO `tiposdenovedades` VALUES (1,1,'VACACIONES'),(2,1,'ENFERMEDAD JUSTIFICADA'),(3,1,'ENFERMEDAD INJUSTIFICADA'),(4,1,'LICENCIAS'),(5,1,'FRANCO COMPENSATORIO'),(6,2,'PRUEBA');
/*!40000 ALTER TABLE `tiposdenovedades` ENABLE KEYS */;
UNLOCK TABLES;

--
-- Table structure for table `usuarios`
--

DROP TABLE IF EXISTS `usuarios`;
/*!40101 SET @saved_cs_client     = @@character_set_client */;
/*!40101 SET character_set_client = utf8 */;
CREATE TABLE `usuarios` (
  `idUSUARIOS` bigint(20) NOT NULL AUTO_INCREMENT,
  `usuario` varchar(50) NOT NULL,
  `contrasena` varchar(50) NOT NULL,
  PRIMARY KEY (`idUSUARIOS`)
) ENGINE=InnoDB AUTO_INCREMENT=3 DEFAULT CHARSET=latin1;
/*!40101 SET character_set_client = @saved_cs_client */;

--
-- Dumping data for table `usuarios`
--

LOCK TABLES `usuarios` WRITE;
/*!40000 ALTER TABLE `usuarios` DISABLE KEYS */;
INSERT INTO `usuarios` VALUES (1,'usuario','1'),(2,'supervisor','210466');
/*!40000 ALTER TABLE `usuarios` ENABLE KEYS */;
UNLOCK TABLES;

--
-- Dumping events for database 'acceso'
--

--
-- Dumping routines for database 'acceso'
--
/*!50003 DROP FUNCTION IF EXISTS `fn_columna` */;
/*!50003 SET @saved_cs_client      = @@character_set_client */ ;
/*!50003 SET @saved_cs_results     = @@character_set_results */ ;
/*!50003 SET @saved_col_connection = @@collation_connection */ ;
/*!50003 SET character_set_client  = utf8 */ ;
/*!50003 SET character_set_results = utf8 */ ;
/*!50003 SET collation_connection  = utf8_general_ci */ ;
/*!50003 SET @saved_sql_mode       = @@sql_mode */ ;
/*!50003 SET sql_mode              = 'STRICT_TRANS_TABLES,NO_AUTO_CREATE_USER,NO_ENGINE_SUBSTITUTION' */ ;
DELIMITER ;;
CREATE DEFINER=`root`@`localhost` FUNCTION `fn_columna`(idemp int, fec datetime) RETURNS varchar(100) CHARSET latin1
BEGIN
-- --------------------------------------------------------------------------------

declare b varchar(100) default '';
declare e varchar(100) default '';
DECLARE a varchar(100);
DECLARE c varchar(100);
DECLARE cant INT DEFAULT 0;
DECLARE l_last_row INT DEFAULT 0;
declare cursor1 cursor for select date_format(registro,'%H:%i'), date_format(registro,'%Y-%m-%d %H:%i:%s') from registros where idempleados = idemp and 
date_format(registro,'%Y-%m-%d') = fec and date_format(registro,'%Y-%m-%d')=date_format(fechareal,'%Y-%m-%d') or (idempleados = idemp and 
date_format(fechareal,'%Y-%m-%d') = fec)order by registro asc;
DECLARE CONTINUE HANDLER FOR NOT FOUND SET l_last_row=1;
open cursor1;
REPEAT
    FETCH cursor1 INTO b,e;
    IF not l_last_row THEN
		if cant = 0 then 
			set a = b,
			c = e,
			cant = 1;
		else 
			SET a = CONCAT(a, ' // ', b),
			c = CONCAT(c,  e),
			cant = cant + 1;
		end if;
    END IF;   
UNTIL l_last_row END REPEAT;
close cursor1;
	if cant % 2 <> 0 then 
		set a = concat(a, ' ', 'ERROR EN FICHADO');
	END IF;
			if cant = 2 then
				set a = concat(a,' HT: ', timediff(substring(c,20,19),substring(c,1,19) ));
			end if ;
			if cant = 4 then
				set a = concat(a,' HT: ',sec_to_time(time_to_sec(timediff(substring(c,20,19),substring(c,1,19) ))+time_to_sec(timediff(substring(c,58,19),substring(c,39,19) )))),
					a = concat(a,' Ds: ', timediff(substring(c,39,19),substring(c,20,19) ));
			end if ;

RETURN a;
END ;;
DELIMITER ;
/*!50003 SET sql_mode              = @saved_sql_mode */ ;
/*!50003 SET character_set_client  = @saved_cs_client */ ;
/*!50003 SET character_set_results = @saved_cs_results */ ;
/*!50003 SET collation_connection  = @saved_col_connection */ ;
/*!50003 DROP FUNCTION IF EXISTS `fn_feriados` */;
/*!50003 SET @saved_cs_client      = @@character_set_client */ ;
/*!50003 SET @saved_cs_results     = @@character_set_results */ ;
/*!50003 SET @saved_col_connection = @@collation_connection */ ;
/*!50003 SET character_set_client  = utf8 */ ;
/*!50003 SET character_set_results = utf8 */ ;
/*!50003 SET collation_connection  = utf8_general_ci */ ;
/*!50003 SET @saved_sql_mode       = @@sql_mode */ ;
/*!50003 SET sql_mode              = 'STRICT_TRANS_TABLES,NO_AUTO_CREATE_USER,NO_ENGINE_SUBSTITUTION' */ ;
DELIMITER ;;
CREATE DEFINER=`root`@`localhost` FUNCTION `fn_feriados`(fec datetime , idemp int) RETURNS varchar(100) CHARSET latin1
BEGIN
declare b varchar(100) default '';
DECLARE a varchar(100);
DECLARE cant INT DEFAULT 0;
DECLARE l_last_row INT DEFAULT 0;
declare cursor1 cursor for select concat('FERIADO:',ltrim(rtrim(f.detalle))) as pepe
 from feriados f where f.fecha=fec
union
select concat(ltrim(rtrim(tn.detalle)),'-',ltrim(rtrim(tdn.detalle)),'-',ltrim(rtrim(n.detalle))) as pepe
	from novedades n 
	left join tiposdenovedades tdn on tdn.idtiposdenovedades=n.idtiposdenovedades
	left join tipodenovedad tn on tn.idtiponovedad=tdn.idtipodenovedad
	where fec >= desde and fec<=hasta and idempleados=idemp or (fec >= desde and fec<=hasta and idempleados=0);

DECLARE CONTINUE HANDLER FOR NOT FOUND SET l_last_row=1;
open cursor1;
REPEAT
    FETCH cursor1 INTO b;
    IF not l_last_row THEN
		if cant = 0 then 
			set a = b,
			cant = 1;
		else 
			SET a = CONCAT(a, ' // ', b),
			cant = cant + 1;
		end if;
    END IF;   
UNTIL l_last_row END REPEAT;
close cursor1;
RETURN a;
END ;;
DELIMITER ;
/*!50003 SET sql_mode              = @saved_sql_mode */ ;
/*!50003 SET character_set_client  = @saved_cs_client */ ;
/*!50003 SET character_set_results = @saved_cs_results */ ;
/*!50003 SET collation_connection  = @saved_col_connection */ ;
/*!50003 DROP FUNCTION IF EXISTS `fn_ht` */;
/*!50003 SET @saved_cs_client      = @@character_set_client */ ;
/*!50003 SET @saved_cs_results     = @@character_set_results */ ;
/*!50003 SET @saved_col_connection = @@collation_connection */ ;
/*!50003 SET character_set_client  = utf8 */ ;
/*!50003 SET character_set_results = utf8 */ ;
/*!50003 SET collation_connection  = utf8_general_ci */ ;
/*!50003 SET @saved_sql_mode       = @@sql_mode */ ;
/*!50003 SET sql_mode              = 'STRICT_TRANS_TABLES,NO_AUTO_CREATE_USER,NO_ENGINE_SUBSTITUTION' */ ;
DELIMITER ;;
CREATE DEFINER=`root`@`localhost` FUNCTION `fn_ht`(idemp int, fec datetime) RETURNS varchar(100) CHARSET latin1
BEGIN
-- --------------------------------------------------------------------------------

declare b varchar(100) default '';
declare e varchar(100) default '';
DECLARE a varchar(100) default '';
DECLARE c varchar(100);
DECLARE cant INT DEFAULT 0;
DECLARE l_last_row INT DEFAULT 0;
declare cursor1 cursor for select date_format(registro,'%H:%i'), date_format(registro,'%Y-%m-%d %H:%i:%s') from registros where idempleados = idemp and 
date_format(registro,'%Y-%m-%d') = fec and date_format(registro,'%Y-%m-%d')=date_format(fechareal,'%Y-%m-%d') or (idempleados = idemp and 
date_format(fechareal,'%Y-%m-%d') = fec)order by registro asc;
DECLARE CONTINUE HANDLER FOR NOT FOUND SET l_last_row=1;
open cursor1;
REPEAT
    FETCH cursor1 INTO b,e;
    IF not l_last_row THEN
		if cant = 0 then 
			set c = e,
			cant = 1;
		else 
			SET c = CONCAT(c,  e),
			cant = cant + 1;
		end if;
    END IF;   
UNTIL l_last_row END REPEAT;
close cursor1;

			if cant = 2 then
				set a = concat(a, timediff(substring(c,20,19),substring(c,1,19) ));
			end if ;
			if cant = 4 then
				set a = concat(a,sec_to_time(time_to_sec(timediff(substring(c,20,19),substring(c,1,19) ))+time_to_sec(timediff(substring(c,58,19),substring(c,39,19) ))));
			end if ;

RETURN a;
END ;;
DELIMITER ;
/*!50003 SET sql_mode              = @saved_sql_mode */ ;
/*!50003 SET character_set_client  = @saved_cs_client */ ;
/*!50003 SET character_set_results = @saved_cs_results */ ;
/*!50003 SET collation_connection  = @saved_col_connection */ ;
/*!50003 DROP PROCEDURE IF EXISTS `sp_registro` */;
/*!50003 SET @saved_cs_client      = @@character_set_client */ ;
/*!50003 SET @saved_cs_results     = @@character_set_results */ ;
/*!50003 SET @saved_col_connection = @@collation_connection */ ;
/*!50003 SET character_set_client  = utf8 */ ;
/*!50003 SET character_set_results = utf8 */ ;
/*!50003 SET collation_connection  = utf8_general_ci */ ;
/*!50003 SET @saved_sql_mode       = @@sql_mode */ ;
/*!50003 SET sql_mode              = 'STRICT_TRANS_TABLES,NO_AUTO_CREATE_USER,NO_ENGINE_SUBSTITUTION' */ ;
DELIMITER ;;
CREATE DEFINER=`root`@`localhost` PROCEDURE `sp_registro`(idemple int,mes int,ano int)
BEGIN
SET lc_time_names = 'es_MX';
		select e.nombre as Empleado,concat(date_format(dt_val,'%d/%m/%Y'),' - ',upper(DAYNAME(dt_val))) as Dia, 
		ifnull((select acceso.fn_columna(e.idempleados,dt_val)),'') as Registro ,ifnull((select acceso.fn_feriados(dt_val,e.idempleados)),'') as Novedades, date_format(dt_val,'%d/%m%/%Y') as fecha,ifnull((select acceso.fn_ht(e.idempleados,dt_val)),'') as ht
		from( 
select 
adddate(concat(ano,'-',mes,'-1'), valor) as dt_val 
from( 
select (v2 * 4 + v1) * 4 + v0 as valor from 
(select 0 as v0 union select 1 union select 2 union select 3) as rs0 cross join 
(select 0 as v1 union select 1 union select 2 union select 3) as rs1 cross join 
(select 0 as v2 union select 1 union select 2 union select 3) as rs2 
) as rs 

) as rs2 
left join empleados e on e.documento=idemple
where month(dt_val) = mes
order by dt_val;

END ;;
DELIMITER ;
/*!50003 SET sql_mode              = @saved_sql_mode */ ;
/*!50003 SET character_set_client  = @saved_cs_client */ ;
/*!50003 SET character_set_results = @saved_cs_results */ ;
/*!50003 SET collation_connection  = @saved_col_connection */ ;
/*!50003 DROP PROCEDURE IF EXISTS `sp_registro1` */;
/*!50003 SET @saved_cs_client      = @@character_set_client */ ;
/*!50003 SET @saved_cs_results     = @@character_set_results */ ;
/*!50003 SET @saved_col_connection = @@collation_connection */ ;
/*!50003 SET character_set_client  = utf8 */ ;
/*!50003 SET character_set_results = utf8 */ ;
/*!50003 SET collation_connection  = utf8_general_ci */ ;
/*!50003 SET @saved_sql_mode       = @@sql_mode */ ;
/*!50003 SET sql_mode              = 'STRICT_TRANS_TABLES,NO_AUTO_CREATE_USER,NO_ENGINE_SUBSTITUTION' */ ;
DELIMITER ;;
CREATE DEFINER=`root`@`localhost` PROCEDURE `sp_registro1`(INI DATETIME, FIN DATETIME)
BEGIN
	
		DROP TABLE IF EXISTS FECHAS;

	create table FECHAS
		Select '0' as idempleados , dt_val
		from ( 
		select 
		date_add(INI, INTERVAL VALOR DAY) as dt_val 
		from( 
		select (v2 * 4 + v1) * 4 + v0 as VALOR from 
		(select 0 as v0 union select 1 union select 2 union select 3) as rs0 cross join 
		(select 0 as v1 union select 1 union select 2 union select 3) as rs1 cross join 
		(select 0 as v2 union select 1 union select 2 union select 3) as rs2 
		) as rs 
		
		) as rs2 
		where dt_val <=fin
		order by dt_val;
		SET lc_time_names = 'es_MX';
		select e.nombre as Empleado,concat(date_format(f.dt_val,'%d/%m/%Y'),' - ',upper(DAYNAME(f.dt_val))) as Dia, 
		ifnull((select acceso.fn_columna(e.idempleados,f.dt_val)),'') as Registro ,ifnull((select acceso.fn_feriados(dt_val,e.idempleados)),'') as Novedades, date_format(f.dt_val,'%d/%m%/%Y') as fecha,ifnull((select acceso.fn_ht(e.idempleados,dt_val)),'') as ht
		from empleados e
		left join fechas f on e.idempleados<>f.idempleados
		where activo=1
		order by e.nombre, f.dt_val;

END ;;
DELIMITER ;
/*!50003 SET sql_mode              = @saved_sql_mode */ ;
/*!50003 SET character_set_client  = @saved_cs_client */ ;
/*!50003 SET character_set_results = @saved_cs_results */ ;
/*!50003 SET collation_connection  = @saved_col_connection */ ;
/*!40103 SET TIME_ZONE=@OLD_TIME_ZONE */;

/*!40101 SET SQL_MODE=@OLD_SQL_MODE */;
/*!40014 SET FOREIGN_KEY_CHECKS=@OLD_FOREIGN_KEY_CHECKS */;
/*!40014 SET UNIQUE_CHECKS=@OLD_UNIQUE_CHECKS */;
/*!40101 SET CHARACTER_SET_CLIENT=@OLD_CHARACTER_SET_CLIENT */;
/*!40101 SET CHARACTER_SET_RESULTS=@OLD_CHARACTER_SET_RESULTS */;
/*!40101 SET COLLATION_CONNECTION=@OLD_COLLATION_CONNECTION */;
/*!40111 SET SQL_NOTES=@OLD_SQL_NOTES */;

-- Dump completed on 2015-03-28 11:56:43
